round,node_id,degree,betweenness,closeness,k_core,epsilon,global_test_acc,avg_auc,max_auc,argmax_attacker,avg_chunk_frac,max_chunk_frac,argmax_chunk_attacker,enable_dp,enable_chunking,chunks_per_neighbor,dp_noise,dp_max_grad_norm
1,0,0,0.0,0.0,0,,,,,,,,,0,0,1,0.0,0.0
1,1,1,0.0,0.14814814814814814,1,,,,,,,,,0,0,1,0.0,0.0
1,2,2,0.027777777777777776,0.2222222222222222,1,,,,,,,,,0,0,1,0.0,0.0
1,3,1,0.0,0.17777777777777778,1,,,,,,,,,0,0,1,0.0,0.0
1,4,1,0.0,0.14814814814814814,1,,,,,,,,,0,0,1,0.0,0.0
1,5,2,0.08333333333333333,0.25396825396825395,1,,,,,,,,,0,0,1,0.0,0.0
1,6,2,0.1111111111111111,0.2962962962962963,1,,,,,,,,,0,0,1,0.0,0.0
1,7,0,0.0,0.0,0,,,,,,,,,0,0,1,0.0,0.0
1,8,2,0.08333333333333333,0.25396825396825395,1,,,,,,,,,0,0,1,0.0,0.0
1,9,1,0.0,0.17777777777777778,1,,,,,,,,,0,0,1,0.0,0.0
2,0,0,0.0,0.0,0,,,,,,,,,0,0,1,0.0,0.0
2,1,1,0.0,0.14814814814814814,1,,,,,,,,,0,0,1,0.0,0.0
2,2,2,0.027777777777777776,0.2222222222222222,1,,,,,,,,,0,0,1,0.0,0.0
2,3,1,0.0,0.17777777777777778,1,,,,,,,,,0,0,1,0.0,0.0
2,4,1,0.0,0.14814814814814814,1,,,,,,,,,0,0,1,0.0,0.0
2,5,2,0.08333333333333333,0.25396825396825395,1,,,,,,,,,0,0,1,0.0,0.0
2,6,2,0.1111111111111111,0.2962962962962963,1,,,,,,,,,0,0,1,0.0,0.0
2,7,0,0.0,0.0,0,,,,,,,,,0,0,1,0.0,0.0
2,8,2,0.08333333333333333,0.25396825396825395,1,,,,,,,,,0,0,1,0.0,0.0
2,9,1,0.0,0.17777777777777778,1,,,,,,,,,0,0,1,0.0,0.0
3,0,0,0.0,0.0,0,,,,,,,,,0,0,1,0.0,0.0
3,1,1,0.0,0.14814814814814814,1,,,,,,,,,0,0,1,0.0,0.0
3,2,2,0.027777777777777776,0.2222222222222222,1,,,,,,,,,0,0,1,0.0,0.0
3,3,1,0.0,0.17777777777777778,1,,,,,,,,,0,0,1,0.0,0.0
3,4,1,0.0,0.14814814814814814,1,,,,,,,,,0,0,1,0.0,0.0
3,5,2,0.08333333333333333,0.25396825396825395,1,,,,,,,,,0,0,1,0.0,0.0
3,6,2,0.1111111111111111,0.2962962962962963,1,,,,,,,,,0,0,1,0.0,0.0
3,7,0,0.0,0.0,0,,,,,,,,,0,0,1,0.0,0.0
3,8,2,0.08333333333333333,0.25396825396825395,1,,,,,,,,,0,0,1,0.0,0.0
3,9,1,0.0,0.17777777777777778,1,,,,,,,,,0,0,1,0.0,0.0
4,0,0,0.0,0.0,0,,,,,,,,,0,0,1,0.0,0.0
4,1,1,0.0,0.14814814814814814,1,,,,,,,,,0,0,1,0.0,0.0
4,2,2,0.027777777777777776,0.2222222222222222,1,,,,,,,,,0,0,1,0.0,0.0
4,3,1,0.0,0.17777777777777778,1,,,,,,,,,0,0,1,0.0,0.0
4,4,1,0.0,0.14814814814814814,1,,,,,,,,,0,0,1,0.0,0.0
4,5,2,0.08333333333333333,0.25396825396825395,1,,,,,,,,,0,0,1,0.0,0.0
4,6,2,0.1111111111111111,0.2962962962962963,1,,,,,,,,,0,0,1,0.0,0.0
4,7,0,0.0,0.0,0,,,,,,,,,0,0,1,0.0,0.0
4,8,2,0.08333333333333333,0.25396825396825395,1,,,,,,,,,0,0,1,0.0,0.0
4,9,1,0.0,0.17777777777777778,1,,,,,,,,,0,0,1,0.0,0.0
5,0,0,0.0,0.0,0,,,,,,,,,0,0,1,0.0,0.0
5,1,1,0.0,0.14814814814814814,1,,,,,,,,,0,0,1,0.0,0.0
5,2,2,0.027777777777777776,0.2222222222222222,1,,,,,,,,,0,0,1,0.0,0.0
5,3,1,0.0,0.17777777777777778,1,,,,,,,,,0,0,1,0.0,0.0
5,4,1,0.0,0.14814814814814814,1,,,,,,,,,0,0,1,0.0,0.0
5,5,2,0.08333333333333333,0.25396825396825395,1,,,,,,,,,0,0,1,0.0,0.0
5,6,2,0.1111111111111111,0.2962962962962963,1,,,,,,,,,0,0,1,0.0,0.0
5,7,0,0.0,0.0,0,,,,,,,,,0,0,1,0.0,0.0
5,8,2,0.08333333333333333,0.25396825396825395,1,,,,,,,,,0,0,1,0.0,0.0
5,9,1,0.0,0.17777777777777778,1,,,,,,,,,0,0,1,0.0,0.0
6,0,0,0.0,0.0,0,,,,,,,,,0,0,1,0.0,0.0
6,1,1,0.0,0.14814814814814814,1,,,,,,,,,0,0,1,0.0,0.0
6,2,2,0.027777777777777776,0.2222222222222222,1,,,,,,,,,0,0,1,0.0,0.0
6,3,1,0.0,0.17777777777777778,1,,,,,,,,,0,0,1,0.0,0.0
6,4,1,0.0,0.14814814814814814,1,,,,,,,,,0,0,1,0.0,0.0
6,5,2,0.08333333333333333,0.25396825396825395,1,,,,,,,,,0,0,1,0.0,0.0
6,6,2,0.1111111111111111,0.2962962962962963,1,,,,,,,,,0,0,1,0.0,0.0
6,7,0,0.0,0.0,0,,,,,,,,,0,0,1,0.0,0.0
6,8,2,0.08333333333333333,0.25396825396825395,1,,,,,,,,,0,0,1,0.0,0.0
6,9,1,0.0,0.17777777777777778,1,,,,,,,,,0,0,1,0.0,0.0
7,0,0,0.0,0.0,0,,,,,,,,,0,0,1,0.0,0.0
7,1,1,0.0,0.14814814814814814,1,,,,,,,,,0,0,1,0.0,0.0
7,2,2,0.027777777777777776,0.2222222222222222,1,,,,,,,,,0,0,1,0.0,0.0
7,3,1,0.0,0.17777777777777778,1,,,,,,,,,0,0,1,0.0,0.0
7,4,1,0.0,0.14814814814814814,1,,,,,,,,,0,0,1,0.0,0.0
7,5,2,0.08333333333333333,0.25396825396825395,1,,,,,,,,,0,0,1,0.0,0.0
7,6,2,0.1111111111111111,0.2962962962962963,1,,,,,,,,,0,0,1,0.0,0.0
7,7,0,0.0,0.0,0,,,,,,,,,0,0,1,0.0,0.0
7,8,2,0.08333333333333333,0.25396825396825395,1,,,,,,,,,0,0,1,0.0,0.0
7,9,1,0.0,0.17777777777777778,1,,,,,,,,,0,0,1,0.0,0.0
8,0,0,0.0,0.0,0,,,,,,,,,0,0,1,0.0,0.0
8,1,1,0.0,0.14814814814814814,1,,,,,,,,,0,0,1,0.0,0.0
8,2,2,0.027777777777777776,0.2222222222222222,1,,,,,,,,,0,0,1,0.0,0.0
8,3,1,0.0,0.17777777777777778,1,,,,,,,,,0,0,1,0.0,0.0
8,4,1,0.0,0.14814814814814814,1,,,,,,,,,0,0,1,0.0,0.0
8,5,2,0.08333333333333333,0.25396825396825395,1,,,,,,,,,0,0,1,0.0,0.0
8,6,2,0.1111111111111111,0.2962962962962963,1,,,,,,,,,0,0,1,0.0,0.0
8,7,0,0.0,0.0,0,,,,,,,,,0,0,1,0.0,0.0
8,8,2,0.08333333333333333,0.25396825396825395,1,,,,,,,,,0,0,1,0.0,0.0
8,9,1,0.0,0.17777777777777778,1,,,,,,,,,0,0,1,0.0,0.0
9,0,0,0.0,0.0,0,,,,,,,,,0,0,1,0.0,0.0
9,1,1,0.0,0.14814814814814814,1,,,,,,,,,0,0,1,0.0,0.0
9,2,2,0.027777777777777776,0.2222222222222222,1,,,,,,,,,0,0,1,0.0,0.0
9,3,1,0.0,0.17777777777777778,1,,,,,,,,,0,0,1,0.0,0.0
9,4,1,0.0,0.14814814814814814,1,,,,,,,,,0,0,1,0.0,0.0
9,5,2,0.08333333333333333,0.25396825396825395,1,,,,,,,,,0,0,1,0.0,0.0
9,6,2,0.1111111111111111,0.2962962962962963,1,,,,,,,,,0,0,1,0.0,0.0
9,7,0,0.0,0.0,0,,,,,,,,,0,0,1,0.0,0.0
9,8,2,0.08333333333333333,0.25396825396825395,1,,,,,,,,,0,0,1,0.0,0.0
9,9,1,0.0,0.17777777777777778,1,,,,,,,,,0,0,1,0.0,0.0
10,0,0,0.0,0.0,0,,,,,,,,,0,0,1,0.0,0.0
10,1,1,0.0,0.14814814814814814,1,,,,,,,,,0,0,1,0.0,0.0
10,2,2,0.027777777777777776,0.2222222222222222,1,,,,,,,,,0,0,1,0.0,0.0
10,3,1,0.0,0.17777777777777778,1,,,,,,,,,0,0,1,0.0,0.0
10,4,1,0.0,0.14814814814814814,1,,,,,,,,,0,0,1,0.0,0.0
10,5,2,0.08333333333333333,0.25396825396825395,1,,,,,,,,,0,0,1,0.0,0.0
10,6,2,0.1111111111111111,0.2962962962962963,1,,,,,,,,,0,0,1,0.0,0.0
10,7,0,0.0,0.0,0,,,,,,,,,0,0,1,0.0,0.0
10,8,2,0.08333333333333333,0.25396825396825395,1,,,,,,,,,0,0,1,0.0,0.0
10,9,1,0.0,0.17777777777777778,1,,,,,,,,,0,0,1,0.0,0.0
11,0,0,0.0,0.0,0,,,,,,,,,0,0,1,0.0,0.0
11,1,1,0.0,0.14814814814814814,1,,,,,,,,,0,0,1,0.0,0.0
11,2,2,0.027777777777777776,0.2222222222222222,1,,,,,,,,,0,0,1,0.0,0.0
11,3,1,0.0,0.17777777777777778,1,,,,,,,,,0,0,1,0.0,0.0
11,4,1,0.0,0.14814814814814814,1,,,,,,,,,0,0,1,0.0,0.0
11,5,2,0.08333333333333333,0.25396825396825395,1,,,,,,,,,0,0,1,0.0,0.0
11,6,2,0.1111111111111111,0.2962962962962963,1,,,,,,,,,0,0,1,0.0,0.0
11,7,0,0.0,0.0,0,,,,,,,,,0,0,1,0.0,0.0
11,8,2,0.08333333333333333,0.25396825396825395,1,,,,,,,,,0,0,1,0.0,0.0
11,9,1,0.0,0.17777777777777778,1,,,,,,,,,0,0,1,0.0,0.0
12,0,0,0.0,0.0,0,,,,,,,,,0,0,1,0.0,0.0
12,1,1,0.0,0.14814814814814814,1,,,,,,,,,0,0,1,0.0,0.0
12,2,2,0.027777777777777776,0.2222222222222222,1,,,,,,,,,0,0,1,0.0,0.0
12,3,1,0.0,0.17777777777777778,1,,,,,,,,,0,0,1,0.0,0.0
12,4,1,0.0,0.14814814814814814,1,,,,,,,,,0,0,1,0.0,0.0
12,5,2,0.08333333333333333,0.25396825396825395,1,,,,,,,,,0,0,1,0.0,0.0
12,6,2,0.1111111111111111,0.2962962962962963,1,,,,,,,,,0,0,1,0.0,0.0
12,7,0,0.0,0.0,0,,,,,,,,,0,0,1,0.0,0.0
12,8,2,0.08333333333333333,0.25396825396825395,1,,,,,,,,,0,0,1,0.0,0.0
12,9,1,0.0,0.17777777777777778,1,,,,,,,,,0,0,1,0.0,0.0
13,0,0,0.0,0.0,0,,,,,,,,,0,0,1,0.0,0.0
13,1,1,0.0,0.14814814814814814,1,,,,,,,,,0,0,1,0.0,0.0
13,2,2,0.027777777777777776,0.2222222222222222,1,,,,,,,,,0,0,1,0.0,0.0
13,3,1,0.0,0.17777777777777778,1,,,,,,,,,0,0,1,0.0,0.0
13,4,1,0.0,0.14814814814814814,1,,,,,,,,,0,0,1,0.0,0.0
13,5,2,0.08333333333333333,0.25396825396825395,1,,,,,,,,,0,0,1,0.0,0.0
13,6,2,0.1111111111111111,0.2962962962962963,1,,,,,,,,,0,0,1,0.0,0.0
13,7,0,0.0,0.0,0,,,,,,,,,0,0,1,0.0,0.0
13,8,2,0.08333333333333333,0.25396825396825395,1,,,,,,,,,0,0,1,0.0,0.0
13,9,1,0.0,0.17777777777777778,1,,,,,,,,,0,0,1,0.0,0.0
14,0,0,0.0,0.0,0,,,,,,,,,0,0,1,0.0,0.0
14,1,1,0.0,0.14814814814814814,1,,,,,,,,,0,0,1,0.0,0.0
14,2,2,0.027777777777777776,0.2222222222222222,1,,,,,,,,,0,0,1,0.0,0.0
14,3,1,0.0,0.17777777777777778,1,,,,,,,,,0,0,1,0.0,0.0
14,4,1,0.0,0.14814814814814814,1,,,,,,,,,0,0,1,0.0,0.0
14,5,2,0.08333333333333333,0.25396825396825395,1,,,,,,,,,0,0,1,0.0,0.0
14,6,2,0.1111111111111111,0.2962962962962963,1,,,,,,,,,0,0,1,0.0,0.0
14,7,0,0.0,0.0,0,,,,,,,,,0,0,1,0.0,0.0
14,8,2,0.08333333333333333,0.25396825396825395,1,,,,,,,,,0,0,1,0.0,0.0
14,9,1,0.0,0.17777777777777778,1,,,,,,,,,0,0,1,0.0,0.0
15,0,0,0.0,0.0,0,,,,,,,,,0,0,1,0.0,0.0
15,1,1,0.0,0.14814814814814814,1,,,,,,,,,0,0,1,0.0,0.0
15,2,2,0.027777777777777776,0.2222222222222222,1,,,,,,,,,0,0,1,0.0,0.0
15,3,1,0.0,0.17777777777777778,1,,,,,,,,,0,0,1,0.0,0.0
15,4,1,0.0,0.14814814814814814,1,,,,,,,,,0,0,1,0.0,0.0
15,5,2,0.08333333333333333,0.25396825396825395,1,,,,,,,,,0,0,1,0.0,0.0
15,6,2,0.1111111111111111,0.2962962962962963,1,,,,,,,,,0,0,1,0.0,0.0
15,7,0,0.0,0.0,0,,,,,,,,,0,0,1,0.0,0.0
15,8,2,0.08333333333333333,0.25396825396825395,1,,,,,,,,,0,0,1,0.0,0.0
15,9,1,0.0,0.17777777777777778,1,,,,,,,,,0,0,1,0.0,0.0
16,0,0,0.0,0.0,0,,,,,,,,,0,0,1,0.0,0.0
16,1,1,0.0,0.14814814814814814,1,,,,,,,,,0,0,1,0.0,0.0
16,2,2,0.027777777777777776,0.2222222222222222,1,,,,,,,,,0,0,1,0.0,0.0
16,3,1,0.0,0.17777777777777778,1,,,,,,,,,0,0,1,0.0,0.0
16,4,1,0.0,0.14814814814814814,1,,,,,,,,,0,0,1,0.0,0.0
16,5,2,0.08333333333333333,0.25396825396825395,1,,,,,,,,,0,0,1,0.0,0.0
16,6,2,0.1111111111111111,0.2962962962962963,1,,,,,,,,,0,0,1,0.0,0.0
16,7,0,0.0,0.0,0,,,,,,,,,0,0,1,0.0,0.0
16,8,2,0.08333333333333333,0.25396825396825395,1,,,,,,,,,0,0,1,0.0,0.0
16,9,1,0.0,0.17777777777777778,1,,,,,,,,,0,0,1,0.0,0.0
17,0,0,0.0,0.0,0,,,,,,,,,0,0,1,0.0,0.0
17,1,1,0.0,0.14814814814814814,1,,,,,,,,,0,0,1,0.0,0.0
17,2,2,0.027777777777777776,0.2222222222222222,1,,,,,,,,,0,0,1,0.0,0.0
17,3,1,0.0,0.17777777777777778,1,,,,,,,,,0,0,1,0.0,0.0
17,4,1,0.0,0.14814814814814814,1,,,,,,,,,0,0,1,0.0,0.0
17,5,2,0.08333333333333333,0.25396825396825395,1,,,,,,,,,0,0,1,0.0,0.0
17,6,2,0.1111111111111111,0.2962962962962963,1,,,,,,,,,0,0,1,0.0,0.0
17,7,0,0.0,0.0,0,,,,,,,,,0,0,1,0.0,0.0
17,8,2,0.08333333333333333,0.25396825396825395,1,,,,,,,,,0,0,1,0.0,0.0
17,9,1,0.0,0.17777777777777778,1,,,,,,,,,0,0,1,0.0,0.0
18,0,0,0.0,0.0,0,,,,,,,,,0,0,1,0.0,0.0
18,1,1,0.0,0.14814814814814814,1,,,,,,,,,0,0,1,0.0,0.0
18,2,2,0.027777777777777776,0.2222222222222222,1,,,,,,,,,0,0,1,0.0,0.0
18,3,1,0.0,0.17777777777777778,1,,,,,,,,,0,0,1,0.0,0.0
18,4,1,0.0,0.14814814814814814,1,,,,,,,,,0,0,1,0.0,0.0
18,5,2,0.08333333333333333,0.25396825396825395,1,,,,,,,,,0,0,1,0.0,0.0
18,6,2,0.1111111111111111,0.2962962962962963,1,,,,,,,,,0,0,1,0.0,0.0
18,7,0,0.0,0.0,0,,,,,,,,,0,0,1,0.0,0.0
18,8,2,0.08333333333333333,0.25396825396825395,1,,,,,,,,,0,0,1,0.0,0.0
18,9,1,0.0,0.17777777777777778,1,,,,,,,,,0,0,1,0.0,0.0
19,0,0,0.0,0.0,0,,,,,,,,,0,0,1,0.0,0.0
19,1,1,0.0,0.14814814814814814,1,,,,,,,,,0,0,1,0.0,0.0
19,2,2,0.027777777777777776,0.2222222222222222,1,,,,,,,,,0,0,1,0.0,0.0
19,3,1,0.0,0.17777777777777778,1,,,,,,,,,0,0,1,0.0,0.0
19,4,1,0.0,0.14814814814814814,1,,,,,,,,,0,0,1,0.0,0.0
19,5,2,0.08333333333333333,0.25396825396825395,1,,,,,,,,,0,0,1,0.0,0.0
19,6,2,0.1111111111111111,0.2962962962962963,1,,,,,,,,,0,0,1,0.0,0.0
19,7,0,0.0,0.0,0,,,,,,,,,0,0,1,0.0,0.0
19,8,2,0.08333333333333333,0.25396825396825395,1,,,,,,,,,0,0,1,0.0,0.0
19,9,1,0.0,0.17777777777777778,1,,,,,,,,,0,0,1,0.0,0.0
20,0,0,0.0,0.0,0,,,,,,,,,0,0,1,0.0,0.0
20,1,1,0.0,0.14814814814814814,1,,,,,,,,,0,0,1,0.0,0.0
20,2,2,0.027777777777777776,0.2222222222222222,1,,,,,,,,,0,0,1,0.0,0.0
20,3,1,0.0,0.17777777777777778,1,,,,,,,,,0,0,1,0.0,0.0
20,4,1,0.0,0.14814814814814814,1,,,,,,,,,0,0,1,0.0,0.0
20,5,2,0.08333333333333333,0.25396825396825395,1,,,,,,,,,0,0,1,0.0,0.0
20,6,2,0.1111111111111111,0.2962962962962963,1,,,,,,,,,0,0,1,0.0,0.0
20,7,0,0.0,0.0,0,,,,,,,,,0,0,1,0.0,0.0
20,8,2,0.08333333333333333,0.25396825396825395,1,,,,,,,,,0,0,1,0.0,0.0
20,9,1,0.0,0.17777777777777778,1,,,,,,,,,0,0,1,0.0,0.0
21,0,0,0.0,0.0,0,,,,,,,,,0,0,1,0.0,0.0
21,1,1,0.0,0.14814814814814814,1,,,,,,,,,0,0,1,0.0,0.0
21,2,2,0.027777777777777776,0.2222222222222222,1,,,,,,,,,0,0,1,0.0,0.0
21,3,1,0.0,0.17777777777777778,1,,,,,,,,,0,0,1,0.0,0.0
21,4,1,0.0,0.14814814814814814,1,,,,,,,,,0,0,1,0.0,0.0
21,5,2,0.08333333333333333,0.25396825396825395,1,,,,,,,,,0,0,1,0.0,0.0
21,6,2,0.1111111111111111,0.2962962962962963,1,,,,,,,,,0,0,1,0.0,0.0
21,7,0,0.0,0.0,0,,,,,,,,,0,0,1,0.0,0.0
21,8,2,0.08333333333333333,0.25396825396825395,1,,,,,,,,,0,0,1,0.0,0.0
21,9,1,0.0,0.17777777777777778,1,,,,,,,,,0,0,1,0.0,0.0
22,0,0,0.0,0.0,0,,,,,,,,,0,0,1,0.0,0.0
22,1,1,0.0,0.14814814814814814,1,,,,,,,,,0,0,1,0.0,0.0
22,2,2,0.027777777777777776,0.2222222222222222,1,,,,,,,,,0,0,1,0.0,0.0
22,3,1,0.0,0.17777777777777778,1,,,,,,,,,0,0,1,0.0,0.0
22,4,1,0.0,0.14814814814814814,1,,,,,,,,,0,0,1,0.0,0.0
22,5,2,0.08333333333333333,0.25396825396825395,1,,,,,,,,,0,0,1,0.0,0.0
22,6,2,0.1111111111111111,0.2962962962962963,1,,,,,,,,,0,0,1,0.0,0.0
22,7,0,0.0,0.0,0,,,,,,,,,0,0,1,0.0,0.0
22,8,2,0.08333333333333333,0.25396825396825395,1,,,,,,,,,0,0,1,0.0,0.0
22,9,1,0.0,0.17777777777777778,1,,,,,,,,,0,0,1,0.0,0.0
23,0,0,0.0,0.0,0,,,,,,,,,0,0,1,0.0,0.0
23,1,1,0.0,0.14814814814814814,1,,,,,,,,,0,0,1,0.0,0.0
23,2,2,0.027777777777777776,0.2222222222222222,1,,,,,,,,,0,0,1,0.0,0.0
23,3,1,0.0,0.17777777777777778,1,,,,,,,,,0,0,1,0.0,0.0
23,4,1,0.0,0.14814814814814814,1,,,,,,,,,0,0,1,0.0,0.0
23,5,2,0.08333333333333333,0.25396825396825395,1,,,,,,,,,0,0,1,0.0,0.0
23,6,2,0.1111111111111111,0.2962962962962963,1,,,,,,,,,0,0,1,0.0,0.0
23,7,0,0.0,0.0,0,,,,,,,,,0,0,1,0.0,0.0
23,8,2,0.08333333333333333,0.25396825396825395,1,,,,,,,,,0,0,1,0.0,0.0
23,9,1,0.0,0.17777777777777778,1,,,,,,,,,0,0,1,0.0,0.0
24,0,0,0.0,0.0,0,,,,,,,,,0,0,1,0.0,0.0
24,1,1,0.0,0.14814814814814814,1,,,,,,,,,0,0,1,0.0,0.0
24,2,2,0.027777777777777776,0.2222222222222222,1,,,,,,,,,0,0,1,0.0,0.0
24,3,1,0.0,0.17777777777777778,1,,,,,,,,,0,0,1,0.0,0.0
24,4,1,0.0,0.14814814814814814,1,,,,,,,,,0,0,1,0.0,0.0
24,5,2,0.08333333333333333,0.25396825396825395,1,,,,,,,,,0,0,1,0.0,0.0
24,6,2,0.1111111111111111,0.2962962962962963,1,,,,,,,,,0,0,1,0.0,0.0
24,7,0,0.0,0.0,0,,,,,,,,,0,0,1,0.0,0.0
24,8,2,0.08333333333333333,0.25396825396825395,1,,,,,,,,,0,0,1,0.0,0.0
24,9,1,0.0,0.17777777777777778,1,,,,,,,,,0,0,1,0.0,0.0
25,0,0,0.0,0.0,0,,,,,,,,,0,0,1,0.0,0.0
25,1,1,0.0,0.14814814814814814,1,,,,,,,,,0,0,1,0.0,0.0
25,2,2,0.027777777777777776,0.2222222222222222,1,,,,,,,,,0,0,1,0.0,0.0
25,3,1,0.0,0.17777777777777778,1,,,,,,,,,0,0,1,0.0,0.0
25,4,1,0.0,0.14814814814814814,1,,,,,,,,,0,0,1,0.0,0.0
25,5,2,0.08333333333333333,0.25396825396825395,1,,,,,,,,,0,0,1,0.0,0.0
25,6,2,0.1111111111111111,0.2962962962962963,1,,,,,,,,,0,0,1,0.0,0.0
25,7,0,0.0,0.0,0,,,,,,,,,0,0,1,0.0,0.0
25,8,2,0.08333333333333333,0.25396825396825395,1,,,,,,,,,0,0,1,0.0,0.0
25,9,1,0.0,0.17777777777777778,1,,,,,,,,,0,0,1,0.0,0.0
26,0,0,0.0,0.0,0,,,,,,,,,0,0,1,0.0,0.0
26,1,1,0.0,0.14814814814814814,1,,,,,,,,,0,0,1,0.0,0.0
26,2,2,0.027777777777777776,0.2222222222222222,1,,,,,,,,,0,0,1,0.0,0.0
26,3,1,0.0,0.17777777777777778,1,,,,,,,,,0,0,1,0.0,0.0
26,4,1,0.0,0.14814814814814814,1,,,,,,,,,0,0,1,0.0,0.0
26,5,2,0.08333333333333333,0.25396825396825395,1,,,,,,,,,0,0,1,0.0,0.0
26,6,2,0.1111111111111111,0.2962962962962963,1,,,,,,,,,0,0,1,0.0,0.0
26,7,0,0.0,0.0,0,,,,,,,,,0,0,1,0.0,0.0
26,8,2,0.08333333333333333,0.25396825396825395,1,,,,,,,,,0,0,1,0.0,0.0
26,9,1,0.0,0.17777777777777778,1,,,,,,,,,0,0,1,0.0,0.0
27,0,0,0.0,0.0,0,,,,,,,,,0,0,1,0.0,0.0
27,1,1,0.0,0.14814814814814814,1,,,,,,,,,0,0,1,0.0,0.0
27,2,2,0.027777777777777776,0.2222222222222222,1,,,,,,,,,0,0,1,0.0,0.0
27,3,1,0.0,0.17777777777777778,1,,,,,,,,,0,0,1,0.0,0.0
27,4,1,0.0,0.14814814814814814,1,,,,,,,,,0,0,1,0.0,0.0
27,5,2,0.08333333333333333,0.25396825396825395,1,,,,,,,,,0,0,1,0.0,0.0
27,6,2,0.1111111111111111,0.2962962962962963,1,,,,,,,,,0,0,1,0.0,0.0
27,7,0,0.0,0.0,0,,,,,,,,,0,0,1,0.0,0.0
27,8,2,0.08333333333333333,0.25396825396825395,1,,,,,,,,,0,0,1,0.0,0.0
27,9,1,0.0,0.17777777777777778,1,,,,,,,,,0,0,1,0.0,0.0
28,0,0,0.0,0.0,0,,,,,,,,,0,0,1,0.0,0.0
28,1,1,0.0,0.14814814814814814,1,,,,,,,,,0,0,1,0.0,0.0
28,2,2,0.027777777777777776,0.2222222222222222,1,,,,,,,,,0,0,1,0.0,0.0
28,3,1,0.0,0.17777777777777778,1,,,,,,,,,0,0,1,0.0,0.0
28,4,1,0.0,0.14814814814814814,1,,,,,,,,,0,0,1,0.0,0.0
28,5,2,0.08333333333333333,0.25396825396825395,1,,,,,,,,,0,0,1,0.0,0.0
28,6,2,0.1111111111111111,0.2962962962962963,1,,,,,,,,,0,0,1,0.0,0.0
28,7,0,0.0,0.0,0,,,,,,,,,0,0,1,0.0,0.0
28,8,2,0.08333333333333333,0.25396825396825395,1,,,,,,,,,0,0,1,0.0,0.0
28,9,1,0.0,0.17777777777777778,1,,,,,,,,,0,0,1,0.0,0.0
29,0,0,0.0,0.0,0,,,,,,,,,0,0,1,0.0,0.0
29,1,1,0.0,0.14814814814814814,1,,,,,,,,,0,0,1,0.0,0.0
29,2,2,0.027777777777777776,0.2222222222222222,1,,,,,,,,,0,0,1,0.0,0.0
29,3,1,0.0,0.17777777777777778,1,,,,,,,,,0,0,1,0.0,0.0
29,4,1,0.0,0.14814814814814814,1,,,,,,,,,0,0,1,0.0,0.0
29,5,2,0.08333333333333333,0.25396825396825395,1,,,,,,,,,0,0,1,0.0,0.0
29,6,2,0.1111111111111111,0.2962962962962963,1,,,,,,,,,0,0,1,0.0,0.0
29,7,0,0.0,0.0,0,,,,,,,,,0,0,1,0.0,0.0
29,8,2,0.08333333333333333,0.25396825396825395,1,,,,,,,,,0,0,1,0.0,0.0
29,9,1,0.0,0.17777777777777778,1,,,,,,,,,0,0,1,0.0,0.0
30,0,0,0.0,0.0,0,,,,,,,,,0,0,1,0.0,0.0
30,1,1,0.0,0.14814814814814814,1,,,,,,,,,0,0,1,0.0,0.0
30,2,2,0.027777777777777776,0.2222222222222222,1,,,,,,,,,0,0,1,0.0,0.0
30,3,1,0.0,0.17777777777777778,1,,,,,,,,,0,0,1,0.0,0.0
30,4,1,0.0,0.14814814814814814,1,,,,,,,,,0,0,1,0.0,0.0
30,5,2,0.08333333333333333,0.25396825396825395,1,,,,,,,,,0,0,1,0.0,0.0
30,6,2,0.1111111111111111,0.2962962962962963,1,,,,,,,,,0,0,1,0.0,0.0
30,7,0,0.0,0.0,0,,,,,,,,,0,0,1,0.0,0.0
30,8,2,0.08333333333333333,0.25396825396825395,1,,,,,,,,,0,0,1,0.0,0.0
30,9,1,0.0,0.17777777777777778,1,,,,,,,,,0,0,1,0.0,0.0
31,0,0,0.0,0.0,0,,,,,,,,,0,0,1,0.0,0.0
31,1,1,0.0,0.14814814814814814,1,,,,,,,,,0,0,1,0.0,0.0
31,2,2,0.027777777777777776,0.2222222222222222,1,,,,,,,,,0,0,1,0.0,0.0
31,3,1,0.0,0.17777777777777778,1,,,,,,,,,0,0,1,0.0,0.0
31,4,1,0.0,0.14814814814814814,1,,,,,,,,,0,0,1,0.0,0.0
31,5,2,0.08333333333333333,0.25396825396825395,1,,,,,,,,,0,0,1,0.0,0.0
31,6,2,0.1111111111111111,0.2962962962962963,1,,,,,,,,,0,0,1,0.0,0.0
31,7,0,0.0,0.0,0,,,,,,,,,0,0,1,0.0,0.0
31,8,2,0.08333333333333333,0.25396825396825395,1,,,,,,,,,0,0,1,0.0,0.0
31,9,1,0.0,0.17777777777777778,1,,,,,,,,,0,0,1,0.0,0.0
32,0,0,0.0,0.0,0,,,,,,,,,0,0,1,0.0,0.0
32,1,1,0.0,0.14814814814814814,1,,,,,,,,,0,0,1,0.0,0.0
32,2,2,0.027777777777777776,0.2222222222222222,1,,,,,,,,,0,0,1,0.0,0.0
32,3,1,0.0,0.17777777777777778,1,,,,,,,,,0,0,1,0.0,0.0
32,4,1,0.0,0.14814814814814814,1,,,,,,,,,0,0,1,0.0,0.0
32,5,2,0.08333333333333333,0.25396825396825395,1,,,,,,,,,0,0,1,0.0,0.0
32,6,2,0.1111111111111111,0.2962962962962963,1,,,,,,,,,0,0,1,0.0,0.0
32,7,0,0.0,0.0,0,,,,,,,,,0,0,1,0.0,0.0
32,8,2,0.08333333333333333,0.25396825396825395,1,,,,,,,,,0,0,1,0.0,0.0
32,9,1,0.0,0.17777777777777778,1,,,,,,,,,0,0,1,0.0,0.0
33,0,0,0.0,0.0,0,,,,,,,,,0,0,1,0.0,0.0
33,1,1,0.0,0.14814814814814814,1,,,,,,,,,0,0,1,0.0,0.0
33,2,2,0.027777777777777776,0.2222222222222222,1,,,,,,,,,0,0,1,0.0,0.0
33,3,1,0.0,0.17777777777777778,1,,,,,,,,,0,0,1,0.0,0.0
33,4,1,0.0,0.14814814814814814,1,,,,,,,,,0,0,1,0.0,0.0
33,5,2,0.08333333333333333,0.25396825396825395,1,,,,,,,,,0,0,1,0.0,0.0
33,6,2,0.1111111111111111,0.2962962962962963,1,,,,,,,,,0,0,1,0.0,0.0
33,7,0,0.0,0.0,0,,,,,,,,,0,0,1,0.0,0.0
33,8,2,0.08333333333333333,0.25396825396825395,1,,,,,,,,,0,0,1,0.0,0.0
33,9,1,0.0,0.17777777777777778,1,,,,,,,,,0,0,1,0.0,0.0
34,0,0,0.0,0.0,0,,,,,,,,,0,0,1,0.0,0.0
34,1,1,0.0,0.14814814814814814,1,,,,,,,,,0,0,1,0.0,0.0
34,2,2,0.027777777777777776,0.2222222222222222,1,,,,,,,,,0,0,1,0.0,0.0
34,3,1,0.0,0.17777777777777778,1,,,,,,,,,0,0,1,0.0,0.0
34,4,1,0.0,0.14814814814814814,1,,,,,,,,,0,0,1,0.0,0.0
34,5,2,0.08333333333333333,0.25396825396825395,1,,,,,,,,,0,0,1,0.0,0.0
34,6,2,0.1111111111111111,0.2962962962962963,1,,,,,,,,,0,0,1,0.0,0.0
34,7,0,0.0,0.0,0,,,,,,,,,0,0,1,0.0,0.0
34,8,2,0.08333333333333333,0.25396825396825395,1,,,,,,,,,0,0,1,0.0,0.0
34,9,1,0.0,0.17777777777777778,1,,,,,,,,,0,0,1,0.0,0.0
35,0,0,0.0,0.0,0,,,,,,,,,0,0,1,0.0,0.0
35,1,1,0.0,0.14814814814814814,1,,,,,,,,,0,0,1,0.0,0.0
35,2,2,0.027777777777777776,0.2222222222222222,1,,,,,,,,,0,0,1,0.0,0.0
35,3,1,0.0,0.17777777777777778,1,,,,,,,,,0,0,1,0.0,0.0
35,4,1,0.0,0.14814814814814814,1,,,,,,,,,0,0,1,0.0,0.0
35,5,2,0.08333333333333333,0.25396825396825395,1,,,,,,,,,0,0,1,0.0,0.0
35,6,2,0.1111111111111111,0.2962962962962963,1,,,,,,,,,0,0,1,0.0,0.0
35,7,0,0.0,0.0,0,,,,,,,,,0,0,1,0.0,0.0
35,8,2,0.08333333333333333,0.25396825396825395,1,,,,,,,,,0,0,1,0.0,0.0
35,9,1,0.0,0.17777777777777778,1,,,,,,,,,0,0,1,0.0,0.0
36,0,0,0.0,0.0,0,,,,,,,,,0,0,1,0.0,0.0
36,1,1,0.0,0.14814814814814814,1,,,,,,,,,0,0,1,0.0,0.0
36,2,2,0.027777777777777776,0.2222222222222222,1,,,,,,,,,0,0,1,0.0,0.0
36,3,1,0.0,0.17777777777777778,1,,,,,,,,,0,0,1,0.0,0.0
36,4,1,0.0,0.14814814814814814,1,,,,,,,,,0,0,1,0.0,0.0
36,5,2,0.08333333333333333,0.25396825396825395,1,,,,,,,,,0,0,1,0.0,0.0
36,6,2,0.1111111111111111,0.2962962962962963,1,,,,,,,,,0,0,1,0.0,0.0
36,7,0,0.0,0.0,0,,,,,,,,,0,0,1,0.0,0.0
36,8,2,0.08333333333333333,0.25396825396825395,1,,,,,,,,,0,0,1,0.0,0.0
36,9,1,0.0,0.17777777777777778,1,,,,,,,,,0,0,1,0.0,0.0
37,0,0,0.0,0.0,0,,,,,,,,,0,0,1,0.0,0.0
37,1,1,0.0,0.14814814814814814,1,,,,,,,,,0,0,1,0.0,0.0
37,2,2,0.027777777777777776,0.2222222222222222,1,,,,,,,,,0,0,1,0.0,0.0
37,3,1,0.0,0.17777777777777778,1,,,,,,,,,0,0,1,0.0,0.0
37,4,1,0.0,0.14814814814814814,1,,,,,,,,,0,0,1,0.0,0.0
37,5,2,0.08333333333333333,0.25396825396825395,1,,,,,,,,,0,0,1,0.0,0.0
37,6,2,0.1111111111111111,0.2962962962962963,1,,,,,,,,,0,0,1,0.0,0.0
37,7,0,0.0,0.0,0,,,,,,,,,0,0,1,0.0,0.0
37,8,2,0.08333333333333333,0.25396825396825395,1,,,,,,,,,0,0,1,0.0,0.0
37,9,1,0.0,0.17777777777777778,1,,,,,,,,,0,0,1,0.0,0.0
38,0,0,0.0,0.0,0,,,,,,,,,0,0,1,0.0,0.0
38,1,1,0.0,0.14814814814814814,1,,,,,,,,,0,0,1,0.0,0.0
38,2,2,0.027777777777777776,0.2222222222222222,1,,,,,,,,,0,0,1,0.0,0.0
38,3,1,0.0,0.17777777777777778,1,,,,,,,,,0,0,1,0.0,0.0
38,4,1,0.0,0.14814814814814814,1,,,,,,,,,0,0,1,0.0,0.0
38,5,2,0.08333333333333333,0.25396825396825395,1,,,,,,,,,0,0,1,0.0,0.0
38,6,2,0.1111111111111111,0.2962962962962963,1,,,,,,,,,0,0,1,0.0,0.0
38,7,0,0.0,0.0,0,,,,,,,,,0,0,1,0.0,0.0
38,8,2,0.08333333333333333,0.25396825396825395,1,,,,,,,,,0,0,1,0.0,0.0
38,9,1,0.0,0.17777777777777778,1,,,,,,,,,0,0,1,0.0,0.0
39,0,0,0.0,0.0,0,,,,,,,,,0,0,1,0.0,0.0
39,1,1,0.0,0.14814814814814814,1,,,,,,,,,0,0,1,0.0,0.0
39,2,2,0.027777777777777776,0.2222222222222222,1,,,,,,,,,0,0,1,0.0,0.0
39,3,1,0.0,0.17777777777777778,1,,,,,,,,,0,0,1,0.0,0.0
39,4,1,0.0,0.14814814814814814,1,,,,,,,,,0,0,1,0.0,0.0
39,5,2,0.08333333333333333,0.25396825396825395,1,,,,,,,,,0,0,1,0.0,0.0
39,6,2,0.1111111111111111,0.2962962962962963,1,,,,,,,,,0,0,1,0.0,0.0
39,7,0,0.0,0.0,0,,,,,,,,,0,0,1,0.0,0.0
39,8,2,0.08333333333333333,0.25396825396825395,1,,,,,,,,,0,0,1,0.0,0.0
39,9,1,0.0,0.17777777777777778,1,,,,,,,,,0,0,1,0.0,0.0
40,0,0,0.0,0.0,0,,,,,,,,,0,0,1,0.0,0.0
40,1,1,0.0,0.14814814814814814,1,,,,,,,,,0,0,1,0.0,0.0
40,2,2,0.027777777777777776,0.2222222222222222,1,,,,,,,,,0,0,1,0.0,0.0
40,3,1,0.0,0.17777777777777778,1,,,,,,,,,0,0,1,0.0,0.0
40,4,1,0.0,0.14814814814814814,1,,,,,,,,,0,0,1,0.0,0.0
40,5,2,0.08333333333333333,0.25396825396825395,1,,,,,,,,,0,0,1,0.0,0.0
40,6,2,0.1111111111111111,0.2962962962962963,1,,,,,,,,,0,0,1,0.0,0.0
40,7,0,0.0,0.0,0,,,,,,,,,0,0,1,0.0,0.0
40,8,2,0.08333333333333333,0.25396825396825395,1,,,,,,,,,0,0,1,0.0,0.0
40,9,1,0.0,0.17777777777777778,1,,,,,,,,,0,0,1,0.0,0.0
41,0,0,0.0,0.0,0,,,,,,,,,0,0,1,0.0,0.0
41,1,1,0.0,0.14814814814814814,1,,,,,,,,,0,0,1,0.0,0.0
41,2,2,0.027777777777777776,0.2222222222222222,1,,,,,,,,,0,0,1,0.0,0.0
41,3,1,0.0,0.17777777777777778,1,,,,,,,,,0,0,1,0.0,0.0
41,4,1,0.0,0.14814814814814814,1,,,,,,,,,0,0,1,0.0,0.0
41,5,2,0.08333333333333333,0.25396825396825395,1,,,,,,,,,0,0,1,0.0,0.0
41,6,2,0.1111111111111111,0.2962962962962963,1,,,,,,,,,0,0,1,0.0,0.0
41,7,0,0.0,0.0,0,,,,,,,,,0,0,1,0.0,0.0
41,8,2,0.08333333333333333,0.25396825396825395,1,,,,,,,,,0,0,1,0.0,0.0
41,9,1,0.0,0.17777777777777778,1,,,,,,,,,0,0,1,0.0,0.0
42,0,0,0.0,0.0,0,,,,,,,,,0,0,1,0.0,0.0
42,1,1,0.0,0.14814814814814814,1,,,,,,,,,0,0,1,0.0,0.0
42,2,2,0.027777777777777776,0.2222222222222222,1,,,,,,,,,0,0,1,0.0,0.0
42,3,1,0.0,0.17777777777777778,1,,,,,,,,,0,0,1,0.0,0.0
42,4,1,0.0,0.14814814814814814,1,,,,,,,,,0,0,1,0.0,0.0
42,5,2,0.08333333333333333,0.25396825396825395,1,,,,,,,,,0,0,1,0.0,0.0
42,6,2,0.1111111111111111,0.2962962962962963,1,,,,,,,,,0,0,1,0.0,0.0
42,7,0,0.0,0.0,0,,,,,,,,,0,0,1,0.0,0.0
42,8,2,0.08333333333333333,0.25396825396825395,1,,,,,,,,,0,0,1,0.0,0.0
42,9,1,0.0,0.17777777777777778,1,,,,,,,,,0,0,1,0.0,0.0
43,0,0,0.0,0.0,0,,,,,,,,,0,0,1,0.0,0.0
43,1,1,0.0,0.14814814814814814,1,,,,,,,,,0,0,1,0.0,0.0
43,2,2,0.027777777777777776,0.2222222222222222,1,,,,,,,,,0,0,1,0.0,0.0
43,3,1,0.0,0.17777777777777778,1,,,,,,,,,0,0,1,0.0,0.0
43,4,1,0.0,0.14814814814814814,1,,,,,,,,,0,0,1,0.0,0.0
43,5,2,0.08333333333333333,0.25396825396825395,1,,,,,,,,,0,0,1,0.0,0.0
43,6,2,0.1111111111111111,0.2962962962962963,1,,,,,,,,,0,0,1,0.0,0.0
43,7,0,0.0,0.0,0,,,,,,,,,0,0,1,0.0,0.0
43,8,2,0.08333333333333333,0.25396825396825395,1,,,,,,,,,0,0,1,0.0,0.0
43,9,1,0.0,0.17777777777777778,1,,,,,,,,,0,0,1,0.0,0.0
44,0,0,0.0,0.0,0,,,,,,,,,0,0,1,0.0,0.0
44,1,1,0.0,0.14814814814814814,1,,,,,,,,,0,0,1,0.0,0.0
44,2,2,0.027777777777777776,0.2222222222222222,1,,,,,,,,,0,0,1,0.0,0.0
44,3,1,0.0,0.17777777777777778,1,,,,,,,,,0,0,1,0.0,0.0
44,4,1,0.0,0.14814814814814814,1,,,,,,,,,0,0,1,0.0,0.0
44,5,2,0.08333333333333333,0.25396825396825395,1,,,,,,,,,0,0,1,0.0,0.0
44,6,2,0.1111111111111111,0.2962962962962963,1,,,,,,,,,0,0,1,0.0,0.0
44,7,0,0.0,0.0,0,,,,,,,,,0,0,1,0.0,0.0
44,8,2,0.08333333333333333,0.25396825396825395,1,,,,,,,,,0,0,1,0.0,0.0
44,9,1,0.0,0.17777777777777778,1,,,,,,,,,0,0,1,0.0,0.0
45,0,0,0.0,0.0,0,,,,,,,,,0,0,1,0.0,0.0
45,1,1,0.0,0.14814814814814814,1,,,,,,,,,0,0,1,0.0,0.0
45,2,2,0.027777777777777776,0.2222222222222222,1,,,,,,,,,0,0,1,0.0,0.0
45,3,1,0.0,0.17777777777777778,1,,,,,,,,,0,0,1,0.0,0.0
45,4,1,0.0,0.14814814814814814,1,,,,,,,,,0,0,1,0.0,0.0
45,5,2,0.08333333333333333,0.25396825396825395,1,,,,,,,,,0,0,1,0.0,0.0
45,6,2,0.1111111111111111,0.2962962962962963,1,,,,,,,,,0,0,1,0.0,0.0
45,7,0,0.0,0.0,0,,,,,,,,,0,0,1,0.0,0.0
45,8,2,0.08333333333333333,0.25396825396825395,1,,,,,,,,,0,0,1,0.0,0.0
45,9,1,0.0,0.17777777777777778,1,,,,,,,,,0,0,1,0.0,0.0
46,0,0,0.0,0.0,0,,,,,,,,,0,0,1,0.0,0.0
46,1,1,0.0,0.14814814814814814,1,,,,,,,,,0,0,1,0.0,0.0
46,2,2,0.027777777777777776,0.2222222222222222,1,,,,,,,,,0,0,1,0.0,0.0
46,3,1,0.0,0.17777777777777778,1,,,,,,,,,0,0,1,0.0,0.0
46,4,1,0.0,0.14814814814814814,1,,,,,,,,,0,0,1,0.0,0.0
46,5,2,0.08333333333333333,0.25396825396825395,1,,,,,,,,,0,0,1,0.0,0.0
46,6,2,0.1111111111111111,0.2962962962962963,1,,,,,,,,,0,0,1,0.0,0.0
46,7,0,0.0,0.0,0,,,,,,,,,0,0,1,0.0,0.0
46,8,2,0.08333333333333333,0.25396825396825395,1,,,,,,,,,0,0,1,0.0,0.0
46,9,1,0.0,0.17777777777777778,1,,,,,,,,,0,0,1,0.0,0.0
47,0,0,0.0,0.0,0,,,,,,,,,0,0,1,0.0,0.0
47,1,1,0.0,0.14814814814814814,1,,,,,,,,,0,0,1,0.0,0.0
47,2,2,0.027777777777777776,0.2222222222222222,1,,,,,,,,,0,0,1,0.0,0.0
47,3,1,0.0,0.17777777777777778,1,,,,,,,,,0,0,1,0.0,0.0
47,4,1,0.0,0.14814814814814814,1,,,,,,,,,0,0,1,0.0,0.0
47,5,2,0.08333333333333333,0.25396825396825395,1,,,,,,,,,0,0,1,0.0,0.0
47,6,2,0.1111111111111111,0.2962962962962963,1,,,,,,,,,0,0,1,0.0,0.0
47,7,0,0.0,0.0,0,,,,,,,,,0,0,1,0.0,0.0
47,8,2,0.08333333333333333,0.25396825396825395,1,,,,,,,,,0,0,1,0.0,0.0
47,9,1,0.0,0.17777777777777778,1,,,,,,,,,0,0,1,0.0,0.0
48,0,0,0.0,0.0,0,,,,,,,,,0,0,1,0.0,0.0
48,1,1,0.0,0.14814814814814814,1,,,,,,,,,0,0,1,0.0,0.0
48,2,2,0.027777777777777776,0.2222222222222222,1,,,,,,,,,0,0,1,0.0,0.0
48,3,1,0.0,0.17777777777777778,1,,,,,,,,,0,0,1,0.0,0.0
48,4,1,0.0,0.14814814814814814,1,,,,,,,,,0,0,1,0.0,0.0
48,5,2,0.08333333333333333,0.25396825396825395,1,,,,,,,,,0,0,1,0.0,0.0
48,6,2,0.1111111111111111,0.2962962962962963,1,,,,,,,,,0,0,1,0.0,0.0
48,7,0,0.0,0.0,0,,,,,,,,,0,0,1,0.0,0.0
48,8,2,0.08333333333333333,0.25396825396825395,1,,,,,,,,,0,0,1,0.0,0.0
48,9,1,0.0,0.17777777777777778,1,,,,,,,,,0,0,1,0.0,0.0
49,0,0,0.0,0.0,0,,,,,,,,,0,0,1,0.0,0.0
49,1,1,0.0,0.14814814814814814,1,,,,,,,,,0,0,1,0.0,0.0
49,2,2,0.027777777777777776,0.2222222222222222,1,,,,,,,,,0,0,1,0.0,0.0
49,3,1,0.0,0.17777777777777778,1,,,,,,,,,0,0,1,0.0,0.0
49,4,1,0.0,0.14814814814814814,1,,,,,,,,,0,0,1,0.0,0.0
49,5,2,0.08333333333333333,0.25396825396825395,1,,,,,,,,,0,0,1,0.0,0.0
49,6,2,0.1111111111111111,0.2962962962962963,1,,,,,,,,,0,0,1,0.0,0.0
49,7,0,0.0,0.0,0,,,,,,,,,0,0,1,0.0,0.0
49,8,2,0.08333333333333333,0.25396825396825395,1,,,,,,,,,0,0,1,0.0,0.0
49,9,1,0.0,0.17777777777777778,1,,,,,,,,,0,0,1,0.0,0.0
50,0,0,0.0,0.0,0,,,,,,,,,0,0,1,0.0,0.0
50,1,1,0.0,0.14814814814814814,1,,,,,,,,,0,0,1,0.0,0.0
50,2,2,0.027777777777777776,0.2222222222222222,1,,,,,,,,,0,0,1,0.0,0.0
50,3,1,0.0,0.17777777777777778,1,,,,,,,,,0,0,1,0.0,0.0
50,4,1,0.0,0.14814814814814814,1,,,,,,,,,0,0,1,0.0,0.0
50,5,2,0.08333333333333333,0.25396825396825395,1,,,,,,,,,0,0,1,0.0,0.0
50,6,2,0.1111111111111111,0.2962962962962963,1,,,,,,,,,0,0,1,0.0,0.0
50,7,0,0.0,0.0,0,,,,,,,,,0,0,1,0.0,0.0
50,8,2,0.08333333333333333,0.25396825396825395,1,,,,,,,,,0,0,1,0.0,0.0
50,9,1,0.0,0.17777777777777778,1,,,,,,,,,0,0,1,0.0,0.0
51,0,0,0.0,0.0,0,,,,,,,,,0,0,1,0.0,0.0
51,1,1,0.0,0.14814814814814814,1,,,,,,,,,0,0,1,0.0,0.0
51,2,2,0.027777777777777776,0.2222222222222222,1,,,,,,,,,0,0,1,0.0,0.0
51,3,1,0.0,0.17777777777777778,1,,,,,,,,,0,0,1,0.0,0.0
51,4,1,0.0,0.14814814814814814,1,,,,,,,,,0,0,1,0.0,0.0
51,5,2,0.08333333333333333,0.25396825396825395,1,,,,,,,,,0,0,1,0.0,0.0
51,6,2,0.1111111111111111,0.2962962962962963,1,,,,,,,,,0,0,1,0.0,0.0
51,7,0,0.0,0.0,0,,,,,,,,,0,0,1,0.0,0.0
51,8,2,0.08333333333333333,0.25396825396825395,1,,,,,,,,,0,0,1,0.0,0.0
51,9,1,0.0,0.17777777777777778,1,,,,,,,,,0,0,1,0.0,0.0
52,0,0,0.0,0.0,0,,,,,,,,,0,0,1,0.0,0.0
52,1,1,0.0,0.14814814814814814,1,,,,,,,,,0,0,1,0.0,0.0
52,2,2,0.027777777777777776,0.2222222222222222,1,,,,,,,,,0,0,1,0.0,0.0
52,3,1,0.0,0.17777777777777778,1,,,,,,,,,0,0,1,0.0,0.0
52,4,1,0.0,0.14814814814814814,1,,,,,,,,,0,0,1,0.0,0.0
52,5,2,0.08333333333333333,0.25396825396825395,1,,,,,,,,,0,0,1,0.0,0.0
52,6,2,0.1111111111111111,0.2962962962962963,1,,,,,,,,,0,0,1,0.0,0.0
52,7,0,0.0,0.0,0,,,,,,,,,0,0,1,0.0,0.0
52,8,2,0.08333333333333333,0.25396825396825395,1,,,,,,,,,0,0,1,0.0,0.0
52,9,1,0.0,0.17777777777777778,1,,,,,,,,,0,0,1,0.0,0.0
53,0,0,0.0,0.0,0,,,,,,,,,0,0,1,0.0,0.0
53,1,1,0.0,0.14814814814814814,1,,,,,,,,,0,0,1,0.0,0.0
53,2,2,0.027777777777777776,0.2222222222222222,1,,,,,,,,,0,0,1,0.0,0.0
53,3,1,0.0,0.17777777777777778,1,,,,,,,,,0,0,1,0.0,0.0
53,4,1,0.0,0.14814814814814814,1,,,,,,,,,0,0,1,0.0,0.0
53,5,2,0.08333333333333333,0.25396825396825395,1,,,,,,,,,0,0,1,0.0,0.0
53,6,2,0.1111111111111111,0.2962962962962963,1,,,,,,,,,0,0,1,0.0,0.0
53,7,0,0.0,0.0,0,,,,,,,,,0,0,1,0.0,0.0
53,8,2,0.08333333333333333,0.25396825396825395,1,,,,,,,,,0,0,1,0.0,0.0
53,9,1,0.0,0.17777777777777778,1,,,,,,,,,0,0,1,0.0,0.0
54,0,0,0.0,0.0,0,,,,,,,,,0,0,1,0.0,0.0
54,1,1,0.0,0.14814814814814814,1,,,,,,,,,0,0,1,0.0,0.0
54,2,2,0.027777777777777776,0.2222222222222222,1,,,,,,,,,0,0,1,0.0,0.0
54,3,1,0.0,0.17777777777777778,1,,,,,,,,,0,0,1,0.0,0.0
54,4,1,0.0,0.14814814814814814,1,,,,,,,,,0,0,1,0.0,0.0
54,5,2,0.08333333333333333,0.25396825396825395,1,,,,,,,,,0,0,1,0.0,0.0
54,6,2,0.1111111111111111,0.2962962962962963,1,,,,,,,,,0,0,1,0.0,0.0
54,7,0,0.0,0.0,0,,,,,,,,,0,0,1,0.0,0.0
54,8,2,0.08333333333333333,0.25396825396825395,1,,,,,,,,,0,0,1,0.0,0.0
54,9,1,0.0,0.17777777777777778,1,,,,,,,,,0,0,1,0.0,0.0
55,0,0,0.0,0.0,0,,,,,,,,,0,0,1,0.0,0.0
55,1,1,0.0,0.14814814814814814,1,,,,,,,,,0,0,1,0.0,0.0
55,2,2,0.027777777777777776,0.2222222222222222,1,,,,,,,,,0,0,1,0.0,0.0
55,3,1,0.0,0.17777777777777778,1,,,,,,,,,0,0,1,0.0,0.0
55,4,1,0.0,0.14814814814814814,1,,,,,,,,,0,0,1,0.0,0.0
55,5,2,0.08333333333333333,0.25396825396825395,1,,,,,,,,,0,0,1,0.0,0.0
55,6,2,0.1111111111111111,0.2962962962962963,1,,,,,,,,,0,0,1,0.0,0.0
55,7,0,0.0,0.0,0,,,,,,,,,0,0,1,0.0,0.0
55,8,2,0.08333333333333333,0.25396825396825395,1,,,,,,,,,0,0,1,0.0,0.0
55,9,1,0.0,0.17777777777777778,1,,,,,,,,,0,0,1,0.0,0.0
56,0,0,0.0,0.0,0,,,,,,,,,0,0,1,0.0,0.0
56,1,1,0.0,0.14814814814814814,1,,,,,,,,,0,0,1,0.0,0.0
56,2,2,0.027777777777777776,0.2222222222222222,1,,,,,,,,,0,0,1,0.0,0.0
56,3,1,0.0,0.17777777777777778,1,,,,,,,,,0,0,1,0.0,0.0
56,4,1,0.0,0.14814814814814814,1,,,,,,,,,0,0,1,0.0,0.0
56,5,2,0.08333333333333333,0.25396825396825395,1,,,,,,,,,0,0,1,0.0,0.0
56,6,2,0.1111111111111111,0.2962962962962963,1,,,,,,,,,0,0,1,0.0,0.0
56,7,0,0.0,0.0,0,,,,,,,,,0,0,1,0.0,0.0
56,8,2,0.08333333333333333,0.25396825396825395,1,,,,,,,,,0,0,1,0.0,0.0
56,9,1,0.0,0.17777777777777778,1,,,,,,,,,0,0,1,0.0,0.0
57,0,0,0.0,0.0,0,,,,,,,,,0,0,1,0.0,0.0
57,1,1,0.0,0.14814814814814814,1,,,,,,,,,0,0,1,0.0,0.0
57,2,2,0.027777777777777776,0.2222222222222222,1,,,,,,,,,0,0,1,0.0,0.0
57,3,1,0.0,0.17777777777777778,1,,,,,,,,,0,0,1,0.0,0.0
57,4,1,0.0,0.14814814814814814,1,,,,,,,,,0,0,1,0.0,0.0
57,5,2,0.08333333333333333,0.25396825396825395,1,,,,,,,,,0,0,1,0.0,0.0
57,6,2,0.1111111111111111,0.2962962962962963,1,,,,,,,,,0,0,1,0.0,0.0
57,7,0,0.0,0.0,0,,,,,,,,,0,0,1,0.0,0.0
57,8,2,0.08333333333333333,0.25396825396825395,1,,,,,,,,,0,0,1,0.0,0.0
57,9,1,0.0,0.17777777777777778,1,,,,,,,,,0,0,1,0.0,0.0
58,0,0,0.0,0.0,0,,,,,,,,,0,0,1,0.0,0.0
58,1,1,0.0,0.14814814814814814,1,,,,,,,,,0,0,1,0.0,0.0
58,2,2,0.027777777777777776,0.2222222222222222,1,,,,,,,,,0,0,1,0.0,0.0
58,3,1,0.0,0.17777777777777778,1,,,,,,,,,0,0,1,0.0,0.0
58,4,1,0.0,0.14814814814814814,1,,,,,,,,,0,0,1,0.0,0.0
58,5,2,0.08333333333333333,0.25396825396825395,1,,,,,,,,,0,0,1,0.0,0.0
58,6,2,0.1111111111111111,0.2962962962962963,1,,,,,,,,,0,0,1,0.0,0.0
58,7,0,0.0,0.0,0,,,,,,,,,0,0,1,0.0,0.0
58,8,2,0.08333333333333333,0.25396825396825395,1,,,,,,,,,0,0,1,0.0,0.0
58,9,1,0.0,0.17777777777777778,1,,,,,,,,,0,0,1,0.0,0.0
59,0,0,0.0,0.0,0,,,,,,,,,0,0,1,0.0,0.0
59,1,1,0.0,0.14814814814814814,1,,,,,,,,,0,0,1,0.0,0.0
59,2,2,0.027777777777777776,0.2222222222222222,1,,,,,,,,,0,0,1,0.0,0.0
59,3,1,0.0,0.17777777777777778,1,,,,,,,,,0,0,1,0.0,0.0
59,4,1,0.0,0.14814814814814814,1,,,,,,,,,0,0,1,0.0,0.0
59,5,2,0.08333333333333333,0.25396825396825395,1,,,,,,,,,0,0,1,0.0,0.0
59,6,2,0.1111111111111111,0.2962962962962963,1,,,,,,,,,0,0,1,0.0,0.0
59,7,0,0.0,0.0,0,,,,,,,,,0,0,1,0.0,0.0
59,8,2,0.08333333333333333,0.25396825396825395,1,,,,,,,,,0,0,1,0.0,0.0
59,9,1,0.0,0.17777777777777778,1,,,,,,,,,0,0,1,0.0,0.0
60,0,0,0.0,0.0,0,,,,,,,,,0,0,1,0.0,0.0
60,1,1,0.0,0.14814814814814814,1,,,,,,,,,0,0,1,0.0,0.0
60,2,2,0.027777777777777776,0.2222222222222222,1,,,,,,,,,0,0,1,0.0,0.0
60,3,1,0.0,0.17777777777777778,1,,,,,,,,,0,0,1,0.0,0.0
60,4,1,0.0,0.14814814814814814,1,,,,,,,,,0,0,1,0.0,0.0
60,5,2,0.08333333333333333,0.25396825396825395,1,,,,,,,,,0,0,1,0.0,0.0
60,6,2,0.1111111111111111,0.2962962962962963,1,,,,,,,,,0,0,1,0.0,0.0
60,7,0,0.0,0.0,0,,,,,,,,,0,0,1,0.0,0.0
60,8,2,0.08333333333333333,0.25396825396825395,1,,,,,,,,,0,0,1,0.0,0.0
60,9,1,0.0,0.17777777777777778,1,,,,,,,,,0,0,1,0.0,0.0
61,0,0,0.0,0.0,0,,,,,,,,,0,0,1,0.0,0.0
61,1,1,0.0,0.14814814814814814,1,,,,,,,,,0,0,1,0.0,0.0
61,2,2,0.027777777777777776,0.2222222222222222,1,,,,,,,,,0,0,1,0.0,0.0
61,3,1,0.0,0.17777777777777778,1,,,,,,,,,0,0,1,0.0,0.0
61,4,1,0.0,0.14814814814814814,1,,,,,,,,,0,0,1,0.0,0.0
61,5,2,0.08333333333333333,0.25396825396825395,1,,,,,,,,,0,0,1,0.0,0.0
61,6,2,0.1111111111111111,0.2962962962962963,1,,,,,,,,,0,0,1,0.0,0.0
61,7,0,0.0,0.0,0,,,,,,,,,0,0,1,0.0,0.0
61,8,2,0.08333333333333333,0.25396825396825395,1,,,,,,,,,0,0,1,0.0,0.0
61,9,1,0.0,0.17777777777777778,1,,,,,,,,,0,0,1,0.0,0.0
62,0,0,0.0,0.0,0,,,,,,,,,0,0,1,0.0,0.0
62,1,1,0.0,0.14814814814814814,1,,,,,,,,,0,0,1,0.0,0.0
62,2,2,0.027777777777777776,0.2222222222222222,1,,,,,,,,,0,0,1,0.0,0.0
62,3,1,0.0,0.17777777777777778,1,,,,,,,,,0,0,1,0.0,0.0
62,4,1,0.0,0.14814814814814814,1,,,,,,,,,0,0,1,0.0,0.0
62,5,2,0.08333333333333333,0.25396825396825395,1,,,,,,,,,0,0,1,0.0,0.0
62,6,2,0.1111111111111111,0.2962962962962963,1,,,,,,,,,0,0,1,0.0,0.0
62,7,0,0.0,0.0,0,,,,,,,,,0,0,1,0.0,0.0
62,8,2,0.08333333333333333,0.25396825396825395,1,,,,,,,,,0,0,1,0.0,0.0
62,9,1,0.0,0.17777777777777778,1,,,,,,,,,0,0,1,0.0,0.0
63,0,0,0.0,0.0,0,,,,,,,,,0,0,1,0.0,0.0
63,1,1,0.0,0.14814814814814814,1,,,,,,,,,0,0,1,0.0,0.0
63,2,2,0.027777777777777776,0.2222222222222222,1,,,,,,,,,0,0,1,0.0,0.0
63,3,1,0.0,0.17777777777777778,1,,,,,,,,,0,0,1,0.0,0.0
63,4,1,0.0,0.14814814814814814,1,,,,,,,,,0,0,1,0.0,0.0
63,5,2,0.08333333333333333,0.25396825396825395,1,,,,,,,,,0,0,1,0.0,0.0
63,6,2,0.1111111111111111,0.2962962962962963,1,,,,,,,,,0,0,1,0.0,0.0
63,7,0,0.0,0.0,0,,,,,,,,,0,0,1,0.0,0.0
63,8,2,0.08333333333333333,0.25396825396825395,1,,,,,,,,,0,0,1,0.0,0.0
63,9,1,0.0,0.17777777777777778,1,,,,,,,,,0,0,1,0.0,0.0
64,0,0,0.0,0.0,0,,,,,,,,,0,0,1,0.0,0.0
64,1,1,0.0,0.14814814814814814,1,,,,,,,,,0,0,1,0.0,0.0
64,2,2,0.027777777777777776,0.2222222222222222,1,,,,,,,,,0,0,1,0.0,0.0
64,3,1,0.0,0.17777777777777778,1,,,,,,,,,0,0,1,0.0,0.0
64,4,1,0.0,0.14814814814814814,1,,,,,,,,,0,0,1,0.0,0.0
64,5,2,0.08333333333333333,0.25396825396825395,1,,,,,,,,,0,0,1,0.0,0.0
64,6,2,0.1111111111111111,0.2962962962962963,1,,,,,,,,,0,0,1,0.0,0.0
64,7,0,0.0,0.0,0,,,,,,,,,0,0,1,0.0,0.0
64,8,2,0.08333333333333333,0.25396825396825395,1,,,,,,,,,0,0,1,0.0,0.0
64,9,1,0.0,0.17777777777777778,1,,,,,,,,,0,0,1,0.0,0.0
65,0,0,0.0,0.0,0,,,,,,,,,0,0,1,0.0,0.0
65,1,1,0.0,0.14814814814814814,1,,,,,,,,,0,0,1,0.0,0.0
65,2,2,0.027777777777777776,0.2222222222222222,1,,,,,,,,,0,0,1,0.0,0.0
65,3,1,0.0,0.17777777777777778,1,,,,,,,,,0,0,1,0.0,0.0
65,4,1,0.0,0.14814814814814814,1,,,,,,,,,0,0,1,0.0,0.0
65,5,2,0.08333333333333333,0.25396825396825395,1,,,,,,,,,0,0,1,0.0,0.0
65,6,2,0.1111111111111111,0.2962962962962963,1,,,,,,,,,0,0,1,0.0,0.0
65,7,0,0.0,0.0,0,,,,,,,,,0,0,1,0.0,0.0
65,8,2,0.08333333333333333,0.25396825396825395,1,,,,,,,,,0,0,1,0.0,0.0
65,9,1,0.0,0.17777777777777778,1,,,,,,,,,0,0,1,0.0,0.0
66,0,0,0.0,0.0,0,,,,,,,,,0,0,1,0.0,0.0
66,1,1,0.0,0.14814814814814814,1,,,,,,,,,0,0,1,0.0,0.0
66,2,2,0.027777777777777776,0.2222222222222222,1,,,,,,,,,0,0,1,0.0,0.0
66,3,1,0.0,0.17777777777777778,1,,,,,,,,,0,0,1,0.0,0.0
66,4,1,0.0,0.14814814814814814,1,,,,,,,,,0,0,1,0.0,0.0
66,5,2,0.08333333333333333,0.25396825396825395,1,,,,,,,,,0,0,1,0.0,0.0
66,6,2,0.1111111111111111,0.2962962962962963,1,,,,,,,,,0,0,1,0.0,0.0
66,7,0,0.0,0.0,0,,,,,,,,,0,0,1,0.0,0.0
66,8,2,0.08333333333333333,0.25396825396825395,1,,,,,,,,,0,0,1,0.0,0.0
66,9,1,0.0,0.17777777777777778,1,,,,,,,,,0,0,1,0.0,0.0
67,0,0,0.0,0.0,0,,,,,,,,,0,0,1,0.0,0.0
67,1,1,0.0,0.14814814814814814,1,,,,,,,,,0,0,1,0.0,0.0
67,2,2,0.027777777777777776,0.2222222222222222,1,,,,,,,,,0,0,1,0.0,0.0
67,3,1,0.0,0.17777777777777778,1,,,,,,,,,0,0,1,0.0,0.0
67,4,1,0.0,0.14814814814814814,1,,,,,,,,,0,0,1,0.0,0.0
67,5,2,0.08333333333333333,0.25396825396825395,1,,,,,,,,,0,0,1,0.0,0.0
67,6,2,0.1111111111111111,0.2962962962962963,1,,,,,,,,,0,0,1,0.0,0.0
67,7,0,0.0,0.0,0,,,,,,,,,0,0,1,0.0,0.0
67,8,2,0.08333333333333333,0.25396825396825395,1,,,,,,,,,0,0,1,0.0,0.0
67,9,1,0.0,0.17777777777777778,1,,,,,,,,,0,0,1,0.0,0.0
68,0,0,0.0,0.0,0,,,,,,,,,0,0,1,0.0,0.0
68,1,1,0.0,0.14814814814814814,1,,,,,,,,,0,0,1,0.0,0.0
68,2,2,0.027777777777777776,0.2222222222222222,1,,,,,,,,,0,0,1,0.0,0.0
68,3,1,0.0,0.17777777777777778,1,,,,,,,,,0,0,1,0.0,0.0
68,4,1,0.0,0.14814814814814814,1,,,,,,,,,0,0,1,0.0,0.0
68,5,2,0.08333333333333333,0.25396825396825395,1,,,,,,,,,0,0,1,0.0,0.0
68,6,2,0.1111111111111111,0.2962962962962963,1,,,,,,,,,0,0,1,0.0,0.0
68,7,0,0.0,0.0,0,,,,,,,,,0,0,1,0.0,0.0
68,8,2,0.08333333333333333,0.25396825396825395,1,,,,,,,,,0,0,1,0.0,0.0
68,9,1,0.0,0.17777777777777778,1,,,,,,,,,0,0,1,0.0,0.0
69,0,0,0.0,0.0,0,,,,,,,,,0,0,1,0.0,0.0
69,1,1,0.0,0.14814814814814814,1,,,,,,,,,0,0,1,0.0,0.0
69,2,2,0.027777777777777776,0.2222222222222222,1,,,,,,,,,0,0,1,0.0,0.0
69,3,1,0.0,0.17777777777777778,1,,,,,,,,,0,0,1,0.0,0.0
69,4,1,0.0,0.14814814814814814,1,,,,,,,,,0,0,1,0.0,0.0
69,5,2,0.08333333333333333,0.25396825396825395,1,,,,,,,,,0,0,1,0.0,0.0
69,6,2,0.1111111111111111,0.2962962962962963,1,,,,,,,,,0,0,1,0.0,0.0
69,7,0,0.0,0.0,0,,,,,,,,,0,0,1,0.0,0.0
69,8,2,0.08333333333333333,0.25396825396825395,1,,,,,,,,,0,0,1,0.0,0.0
69,9,1,0.0,0.17777777777777778,1,,,,,,,,,0,0,1,0.0,0.0
70,0,0,0.0,0.0,0,,,,,,,,,0,0,1,0.0,0.0
70,1,1,0.0,0.14814814814814814,1,,,,,,,,,0,0,1,0.0,0.0
70,2,2,0.027777777777777776,0.2222222222222222,1,,,,,,,,,0,0,1,0.0,0.0
70,3,1,0.0,0.17777777777777778,1,,,,,,,,,0,0,1,0.0,0.0
70,4,1,0.0,0.14814814814814814,1,,,,,,,,,0,0,1,0.0,0.0
70,5,2,0.08333333333333333,0.25396825396825395,1,,,,,,,,,0,0,1,0.0,0.0
70,6,2,0.1111111111111111,0.2962962962962963,1,,,,,,,,,0,0,1,0.0,0.0
70,7,0,0.0,0.0,0,,,,,,,,,0,0,1,0.0,0.0
70,8,2,0.08333333333333333,0.25396825396825395,1,,,,,,,,,0,0,1,0.0,0.0
70,9,1,0.0,0.17777777777777778,1,,,,,,,,,0,0,1,0.0,0.0
71,0,0,0.0,0.0,0,,,,,,,,,0,0,1,0.0,0.0
71,1,1,0.0,0.14814814814814814,1,,,,,,,,,0,0,1,0.0,0.0
71,2,2,0.027777777777777776,0.2222222222222222,1,,,,,,,,,0,0,1,0.0,0.0
71,3,1,0.0,0.17777777777777778,1,,,,,,,,,0,0,1,0.0,0.0
71,4,1,0.0,0.14814814814814814,1,,,,,,,,,0,0,1,0.0,0.0
71,5,2,0.08333333333333333,0.25396825396825395,1,,,,,,,,,0,0,1,0.0,0.0
71,6,2,0.1111111111111111,0.2962962962962963,1,,,,,,,,,0,0,1,0.0,0.0
71,7,0,0.0,0.0,0,,,,,,,,,0,0,1,0.0,0.0
71,8,2,0.08333333333333333,0.25396825396825395,1,,,,,,,,,0,0,1,0.0,0.0
71,9,1,0.0,0.17777777777777778,1,,,,,,,,,0,0,1,0.0,0.0
72,0,0,0.0,0.0,0,,,,,,,,,0,0,1,0.0,0.0
72,1,1,0.0,0.14814814814814814,1,,,,,,,,,0,0,1,0.0,0.0
72,2,2,0.027777777777777776,0.2222222222222222,1,,,,,,,,,0,0,1,0.0,0.0
72,3,1,0.0,0.17777777777777778,1,,,,,,,,,0,0,1,0.0,0.0
72,4,1,0.0,0.14814814814814814,1,,,,,,,,,0,0,1,0.0,0.0
72,5,2,0.08333333333333333,0.25396825396825395,1,,,,,,,,,0,0,1,0.0,0.0
72,6,2,0.1111111111111111,0.2962962962962963,1,,,,,,,,,0,0,1,0.0,0.0
72,7,0,0.0,0.0,0,,,,,,,,,0,0,1,0.0,0.0
72,8,2,0.08333333333333333,0.25396825396825395,1,,,,,,,,,0,0,1,0.0,0.0
72,9,1,0.0,0.17777777777777778,1,,,,,,,,,0,0,1,0.0,0.0
73,0,0,0.0,0.0,0,,,,,,,,,0,0,1,0.0,0.0
73,1,1,0.0,0.14814814814814814,1,,,,,,,,,0,0,1,0.0,0.0
73,2,2,0.027777777777777776,0.2222222222222222,1,,,,,,,,,0,0,1,0.0,0.0
73,3,1,0.0,0.17777777777777778,1,,,,,,,,,0,0,1,0.0,0.0
73,4,1,0.0,0.14814814814814814,1,,,,,,,,,0,0,1,0.0,0.0
73,5,2,0.08333333333333333,0.25396825396825395,1,,,,,,,,,0,0,1,0.0,0.0
73,6,2,0.1111111111111111,0.2962962962962963,1,,,,,,,,,0,0,1,0.0,0.0
73,7,0,0.0,0.0,0,,,,,,,,,0,0,1,0.0,0.0
73,8,2,0.08333333333333333,0.25396825396825395,1,,,,,,,,,0,0,1,0.0,0.0
73,9,1,0.0,0.17777777777777778,1,,,,,,,,,0,0,1,0.0,0.0
74,0,0,0.0,0.0,0,,,,,,,,,0,0,1,0.0,0.0
74,1,1,0.0,0.14814814814814814,1,,,,,,,,,0,0,1,0.0,0.0
74,2,2,0.027777777777777776,0.2222222222222222,1,,,,,,,,,0,0,1,0.0,0.0
74,3,1,0.0,0.17777777777777778,1,,,,,,,,,0,0,1,0.0,0.0
74,4,1,0.0,0.14814814814814814,1,,,,,,,,,0,0,1,0.0,0.0
74,5,2,0.08333333333333333,0.25396825396825395,1,,,,,,,,,0,0,1,0.0,0.0
74,6,2,0.1111111111111111,0.2962962962962963,1,,,,,,,,,0,0,1,0.0,0.0
74,7,0,0.0,0.0,0,,,,,,,,,0,0,1,0.0,0.0
74,8,2,0.08333333333333333,0.25396825396825395,1,,,,,,,,,0,0,1,0.0,0.0
74,9,1,0.0,0.17777777777777778,1,,,,,,,,,0,0,1,0.0,0.0
75,0,0,0.0,0.0,0,,,,,,,,,0,0,1,0.0,0.0
75,1,1,0.0,0.14814814814814814,1,,,,,,,,,0,0,1,0.0,0.0
75,2,2,0.027777777777777776,0.2222222222222222,1,,,,,,,,,0,0,1,0.0,0.0
75,3,1,0.0,0.17777777777777778,1,,,,,,,,,0,0,1,0.0,0.0
75,4,1,0.0,0.14814814814814814,1,,,,,,,,,0,0,1,0.0,0.0
75,5,2,0.08333333333333333,0.25396825396825395,1,,,,,,,,,0,0,1,0.0,0.0
75,6,2,0.1111111111111111,0.2962962962962963,1,,,,,,,,,0,0,1,0.0,0.0
75,7,0,0.0,0.0,0,,,,,,,,,0,0,1,0.0,0.0
75,8,2,0.08333333333333333,0.25396825396825395,1,,,,,,,,,0,0,1,0.0,0.0
75,9,1,0.0,0.17777777777777778,1,,,,,,,,,0,0,1,0.0,0.0
76,0,0,0.0,0.0,0,,,,,,,,,0,0,1,0.0,0.0
76,1,1,0.0,0.14814814814814814,1,,,,,,,,,0,0,1,0.0,0.0
76,2,2,0.027777777777777776,0.2222222222222222,1,,,,,,,,,0,0,1,0.0,0.0
76,3,1,0.0,0.17777777777777778,1,,,,,,,,,0,0,1,0.0,0.0
76,4,1,0.0,0.14814814814814814,1,,,,,,,,,0,0,1,0.0,0.0
76,5,2,0.08333333333333333,0.25396825396825395,1,,,,,,,,,0,0,1,0.0,0.0
76,6,2,0.1111111111111111,0.2962962962962963,1,,,,,,,,,0,0,1,0.0,0.0
76,7,0,0.0,0.0,0,,,,,,,,,0,0,1,0.0,0.0
76,8,2,0.08333333333333333,0.25396825396825395,1,,,,,,,,,0,0,1,0.0,0.0
76,9,1,0.0,0.17777777777777778,1,,,,,,,,,0,0,1,0.0,0.0
77,0,0,0.0,0.0,0,,,,,,,,,0,0,1,0.0,0.0
77,1,1,0.0,0.14814814814814814,1,,,,,,,,,0,0,1,0.0,0.0
77,2,2,0.027777777777777776,0.2222222222222222,1,,,,,,,,,0,0,1,0.0,0.0
77,3,1,0.0,0.17777777777777778,1,,,,,,,,,0,0,1,0.0,0.0
77,4,1,0.0,0.14814814814814814,1,,,,,,,,,0,0,1,0.0,0.0
77,5,2,0.08333333333333333,0.25396825396825395,1,,,,,,,,,0,0,1,0.0,0.0
77,6,2,0.1111111111111111,0.2962962962962963,1,,,,,,,,,0,0,1,0.0,0.0
77,7,0,0.0,0.0,0,,,,,,,,,0,0,1,0.0,0.0
77,8,2,0.08333333333333333,0.25396825396825395,1,,,,,,,,,0,0,1,0.0,0.0
77,9,1,0.0,0.17777777777777778,1,,,,,,,,,0,0,1,0.0,0.0
78,0,0,0.0,0.0,0,,,,,,,,,0,0,1,0.0,0.0
78,1,1,0.0,0.14814814814814814,1,,,,,,,,,0,0,1,0.0,0.0
78,2,2,0.027777777777777776,0.2222222222222222,1,,,,,,,,,0,0,1,0.0,0.0
78,3,1,0.0,0.17777777777777778,1,,,,,,,,,0,0,1,0.0,0.0
78,4,1,0.0,0.14814814814814814,1,,,,,,,,,0,0,1,0.0,0.0
78,5,2,0.08333333333333333,0.25396825396825395,1,,,,,,,,,0,0,1,0.0,0.0
78,6,2,0.1111111111111111,0.2962962962962963,1,,,,,,,,,0,0,1,0.0,0.0
78,7,0,0.0,0.0,0,,,,,,,,,0,0,1,0.0,0.0
78,8,2,0.08333333333333333,0.25396825396825395,1,,,,,,,,,0,0,1,0.0,0.0
78,9,1,0.0,0.17777777777777778,1,,,,,,,,,0,0,1,0.0,0.0
79,0,0,0.0,0.0,0,,,,,,,,,0,0,1,0.0,0.0
79,1,1,0.0,0.14814814814814814,1,,,,,,,,,0,0,1,0.0,0.0
79,2,2,0.027777777777777776,0.2222222222222222,1,,,,,,,,,0,0,1,0.0,0.0
79,3,1,0.0,0.17777777777777778,1,,,,,,,,,0,0,1,0.0,0.0
79,4,1,0.0,0.14814814814814814,1,,,,,,,,,0,0,1,0.0,0.0
79,5,2,0.08333333333333333,0.25396825396825395,1,,,,,,,,,0,0,1,0.0,0.0
79,6,2,0.1111111111111111,0.2962962962962963,1,,,,,,,,,0,0,1,0.0,0.0
79,7,0,0.0,0.0,0,,,,,,,,,0,0,1,0.0,0.0
79,8,2,0.08333333333333333,0.25396825396825395,1,,,,,,,,,0,0,1,0.0,0.0
79,9,1,0.0,0.17777777777777778,1,,,,,,,,,0,0,1,0.0,0.0
80,0,0,0.0,0.0,0,,,,,,,,,0,0,1,0.0,0.0
80,1,1,0.0,0.14814814814814814,1,,,,,,,,,0,0,1,0.0,0.0
80,2,2,0.027777777777777776,0.2222222222222222,1,,,,,,,,,0,0,1,0.0,0.0
80,3,1,0.0,0.17777777777777778,1,,,,,,,,,0,0,1,0.0,0.0
80,4,1,0.0,0.14814814814814814,1,,,,,,,,,0,0,1,0.0,0.0
80,5,2,0.08333333333333333,0.25396825396825395,1,,,,,,,,,0,0,1,0.0,0.0
80,6,2,0.1111111111111111,0.2962962962962963,1,,,,,,,,,0,0,1,0.0,0.0
80,7,0,0.0,0.0,0,,,,,,,,,0,0,1,0.0,0.0
80,8,2,0.08333333333333333,0.25396825396825395,1,,,,,,,,,0,0,1,0.0,0.0
80,9,1,0.0,0.17777777777777778,1,,,,,,,,,0,0,1,0.0,0.0
81,0,0,0.0,0.0,0,,,,,,,,,0,0,1,0.0,0.0
81,1,1,0.0,0.14814814814814814,1,,,,,,,,,0,0,1,0.0,0.0
81,2,2,0.027777777777777776,0.2222222222222222,1,,,,,,,,,0,0,1,0.0,0.0
81,3,1,0.0,0.17777777777777778,1,,,,,,,,,0,0,1,0.0,0.0
81,4,1,0.0,0.14814814814814814,1,,,,,,,,,0,0,1,0.0,0.0
81,5,2,0.08333333333333333,0.25396825396825395,1,,,,,,,,,0,0,1,0.0,0.0
81,6,2,0.1111111111111111,0.2962962962962963,1,,,,,,,,,0,0,1,0.0,0.0
81,7,0,0.0,0.0,0,,,,,,,,,0,0,1,0.0,0.0
81,8,2,0.08333333333333333,0.25396825396825395,1,,,,,,,,,0,0,1,0.0,0.0
81,9,1,0.0,0.17777777777777778,1,,,,,,,,,0,0,1,0.0,0.0
82,0,0,0.0,0.0,0,,,,,,,,,0,0,1,0.0,0.0
82,1,1,0.0,0.14814814814814814,1,,,,,,,,,0,0,1,0.0,0.0
82,2,2,0.027777777777777776,0.2222222222222222,1,,,,,,,,,0,0,1,0.0,0.0
82,3,1,0.0,0.17777777777777778,1,,,,,,,,,0,0,1,0.0,0.0
82,4,1,0.0,0.14814814814814814,1,,,,,,,,,0,0,1,0.0,0.0
82,5,2,0.08333333333333333,0.25396825396825395,1,,,,,,,,,0,0,1,0.0,0.0
82,6,2,0.1111111111111111,0.2962962962962963,1,,,,,,,,,0,0,1,0.0,0.0
82,7,0,0.0,0.0,0,,,,,,,,,0,0,1,0.0,0.0
82,8,2,0.08333333333333333,0.25396825396825395,1,,,,,,,,,0,0,1,0.0,0.0
82,9,1,0.0,0.17777777777777778,1,,,,,,,,,0,0,1,0.0,0.0
83,0,0,0.0,0.0,0,,,,,,,,,0,0,1,0.0,0.0
83,1,1,0.0,0.14814814814814814,1,,,,,,,,,0,0,1,0.0,0.0
83,2,2,0.027777777777777776,0.2222222222222222,1,,,,,,,,,0,0,1,0.0,0.0
83,3,1,0.0,0.17777777777777778,1,,,,,,,,,0,0,1,0.0,0.0
83,4,1,0.0,0.14814814814814814,1,,,,,,,,,0,0,1,0.0,0.0
83,5,2,0.08333333333333333,0.25396825396825395,1,,,,,,,,,0,0,1,0.0,0.0
83,6,2,0.1111111111111111,0.2962962962962963,1,,,,,,,,,0,0,1,0.0,0.0
83,7,0,0.0,0.0,0,,,,,,,,,0,0,1,0.0,0.0
83,8,2,0.08333333333333333,0.25396825396825395,1,,,,,,,,,0,0,1,0.0,0.0
83,9,1,0.0,0.17777777777777778,1,,,,,,,,,0,0,1,0.0,0.0
84,0,0,0.0,0.0,0,,,,,,,,,0,0,1,0.0,0.0
84,1,1,0.0,0.14814814814814814,1,,,,,,,,,0,0,1,0.0,0.0
84,2,2,0.027777777777777776,0.2222222222222222,1,,,,,,,,,0,0,1,0.0,0.0
84,3,1,0.0,0.17777777777777778,1,,,,,,,,,0,0,1,0.0,0.0
84,4,1,0.0,0.14814814814814814,1,,,,,,,,,0,0,1,0.0,0.0
84,5,2,0.08333333333333333,0.25396825396825395,1,,,,,,,,,0,0,1,0.0,0.0
84,6,2,0.1111111111111111,0.2962962962962963,1,,,,,,,,,0,0,1,0.0,0.0
84,7,0,0.0,0.0,0,,,,,,,,,0,0,1,0.0,0.0
84,8,2,0.08333333333333333,0.25396825396825395,1,,,,,,,,,0,0,1,0.0,0.0
84,9,1,0.0,0.17777777777777778,1,,,,,,,,,0,0,1,0.0,0.0
85,0,0,0.0,0.0,0,,,,,,,,,0,0,1,0.0,0.0
85,1,1,0.0,0.14814814814814814,1,,,,,,,,,0,0,1,0.0,0.0
85,2,2,0.027777777777777776,0.2222222222222222,1,,,,,,,,,0,0,1,0.0,0.0
85,3,1,0.0,0.17777777777777778,1,,,,,,,,,0,0,1,0.0,0.0
85,4,1,0.0,0.14814814814814814,1,,,,,,,,,0,0,1,0.0,0.0
85,5,2,0.08333333333333333,0.25396825396825395,1,,,,,,,,,0,0,1,0.0,0.0
85,6,2,0.1111111111111111,0.2962962962962963,1,,,,,,,,,0,0,1,0.0,0.0
85,7,0,0.0,0.0,0,,,,,,,,,0,0,1,0.0,0.0
85,8,2,0.08333333333333333,0.25396825396825395,1,,,,,,,,,0,0,1,0.0,0.0
85,9,1,0.0,0.17777777777777778,1,,,,,,,,,0,0,1,0.0,0.0
86,0,0,0.0,0.0,0,,,,,,,,,0,0,1,0.0,0.0
86,1,1,0.0,0.14814814814814814,1,,,,,,,,,0,0,1,0.0,0.0
86,2,2,0.027777777777777776,0.2222222222222222,1,,,,,,,,,0,0,1,0.0,0.0
86,3,1,0.0,0.17777777777777778,1,,,,,,,,,0,0,1,0.0,0.0
86,4,1,0.0,0.14814814814814814,1,,,,,,,,,0,0,1,0.0,0.0
86,5,2,0.08333333333333333,0.25396825396825395,1,,,,,,,,,0,0,1,0.0,0.0
86,6,2,0.1111111111111111,0.2962962962962963,1,,,,,,,,,0,0,1,0.0,0.0
86,7,0,0.0,0.0,0,,,,,,,,,0,0,1,0.0,0.0
86,8,2,0.08333333333333333,0.25396825396825395,1,,,,,,,,,0,0,1,0.0,0.0
86,9,1,0.0,0.17777777777777778,1,,,,,,,,,0,0,1,0.0,0.0
87,0,0,0.0,0.0,0,,,,,,,,,0,0,1,0.0,0.0
87,1,1,0.0,0.14814814814814814,1,,,,,,,,,0,0,1,0.0,0.0
87,2,2,0.027777777777777776,0.2222222222222222,1,,,,,,,,,0,0,1,0.0,0.0
87,3,1,0.0,0.17777777777777778,1,,,,,,,,,0,0,1,0.0,0.0
87,4,1,0.0,0.14814814814814814,1,,,,,,,,,0,0,1,0.0,0.0
87,5,2,0.08333333333333333,0.25396825396825395,1,,,,,,,,,0,0,1,0.0,0.0
87,6,2,0.1111111111111111,0.2962962962962963,1,,,,,,,,,0,0,1,0.0,0.0
87,7,0,0.0,0.0,0,,,,,,,,,0,0,1,0.0,0.0
87,8,2,0.08333333333333333,0.25396825396825395,1,,,,,,,,,0,0,1,0.0,0.0
87,9,1,0.0,0.17777777777777778,1,,,,,,,,,0,0,1,0.0,0.0
88,0,0,0.0,0.0,0,,,,,,,,,0,0,1,0.0,0.0
88,1,1,0.0,0.14814814814814814,1,,,,,,,,,0,0,1,0.0,0.0
88,2,2,0.027777777777777776,0.2222222222222222,1,,,,,,,,,0,0,1,0.0,0.0
88,3,1,0.0,0.17777777777777778,1,,,,,,,,,0,0,1,0.0,0.0
88,4,1,0.0,0.14814814814814814,1,,,,,,,,,0,0,1,0.0,0.0
88,5,2,0.08333333333333333,0.25396825396825395,1,,,,,,,,,0,0,1,0.0,0.0
88,6,2,0.1111111111111111,0.2962962962962963,1,,,,,,,,,0,0,1,0.0,0.0
88,7,0,0.0,0.0,0,,,,,,,,,0,0,1,0.0,0.0
88,8,2,0.08333333333333333,0.25396825396825395,1,,,,,,,,,0,0,1,0.0,0.0
88,9,1,0.0,0.17777777777777778,1,,,,,,,,,0,0,1,0.0,0.0
89,0,0,0.0,0.0,0,,,,,,,,,0,0,1,0.0,0.0
89,1,1,0.0,0.14814814814814814,1,,,,,,,,,0,0,1,0.0,0.0
89,2,2,0.027777777777777776,0.2222222222222222,1,,,,,,,,,0,0,1,0.0,0.0
89,3,1,0.0,0.17777777777777778,1,,,,,,,,,0,0,1,0.0,0.0
89,4,1,0.0,0.14814814814814814,1,,,,,,,,,0,0,1,0.0,0.0
89,5,2,0.08333333333333333,0.25396825396825395,1,,,,,,,,,0,0,1,0.0,0.0
89,6,2,0.1111111111111111,0.2962962962962963,1,,,,,,,,,0,0,1,0.0,0.0
89,7,0,0.0,0.0,0,,,,,,,,,0,0,1,0.0,0.0
89,8,2,0.08333333333333333,0.25396825396825395,1,,,,,,,,,0,0,1,0.0,0.0
89,9,1,0.0,0.17777777777777778,1,,,,,,,,,0,0,1,0.0,0.0
90,0,0,0.0,0.0,0,,,,,,,,,0,0,1,0.0,0.0
90,1,1,0.0,0.14814814814814814,1,,,,,,,,,0,0,1,0.0,0.0
90,2,2,0.027777777777777776,0.2222222222222222,1,,,,,,,,,0,0,1,0.0,0.0
90,3,1,0.0,0.17777777777777778,1,,,,,,,,,0,0,1,0.0,0.0
90,4,1,0.0,0.14814814814814814,1,,,,,,,,,0,0,1,0.0,0.0
90,5,2,0.08333333333333333,0.25396825396825395,1,,,,,,,,,0,0,1,0.0,0.0
90,6,2,0.1111111111111111,0.2962962962962963,1,,,,,,,,,0,0,1,0.0,0.0
90,7,0,0.0,0.0,0,,,,,,,,,0,0,1,0.0,0.0
90,8,2,0.08333333333333333,0.25396825396825395,1,,,,,,,,,0,0,1,0.0,0.0
90,9,1,0.0,0.17777777777777778,1,,,,,,,,,0,0,1,0.0,0.0
91,0,0,0.0,0.0,0,,,,,,,,,0,0,1,0.0,0.0
91,1,1,0.0,0.14814814814814814,1,,,,,,,,,0,0,1,0.0,0.0
91,2,2,0.027777777777777776,0.2222222222222222,1,,,,,,,,,0,0,1,0.0,0.0
91,3,1,0.0,0.17777777777777778,1,,,,,,,,,0,0,1,0.0,0.0
91,4,1,0.0,0.14814814814814814,1,,,,,,,,,0,0,1,0.0,0.0
91,5,2,0.08333333333333333,0.25396825396825395,1,,,,,,,,,0,0,1,0.0,0.0
91,6,2,0.1111111111111111,0.2962962962962963,1,,,,,,,,,0,0,1,0.0,0.0
91,7,0,0.0,0.0,0,,,,,,,,,0,0,1,0.0,0.0
91,8,2,0.08333333333333333,0.25396825396825395,1,,,,,,,,,0,0,1,0.0,0.0
91,9,1,0.0,0.17777777777777778,1,,,,,,,,,0,0,1,0.0,0.0
92,0,0,0.0,0.0,0,,,,,,,,,0,0,1,0.0,0.0
92,1,1,0.0,0.14814814814814814,1,,,,,,,,,0,0,1,0.0,0.0
92,2,2,0.027777777777777776,0.2222222222222222,1,,,,,,,,,0,0,1,0.0,0.0
92,3,1,0.0,0.17777777777777778,1,,,,,,,,,0,0,1,0.0,0.0
92,4,1,0.0,0.14814814814814814,1,,,,,,,,,0,0,1,0.0,0.0
92,5,2,0.08333333333333333,0.25396825396825395,1,,,,,,,,,0,0,1,0.0,0.0
92,6,2,0.1111111111111111,0.2962962962962963,1,,,,,,,,,0,0,1,0.0,0.0
92,7,0,0.0,0.0,0,,,,,,,,,0,0,1,0.0,0.0
92,8,2,0.08333333333333333,0.25396825396825395,1,,,,,,,,,0,0,1,0.0,0.0
92,9,1,0.0,0.17777777777777778,1,,,,,,,,,0,0,1,0.0,0.0
93,0,0,0.0,0.0,0,,,,,,,,,0,0,1,0.0,0.0
93,1,1,0.0,0.14814814814814814,1,,,,,,,,,0,0,1,0.0,0.0
93,2,2,0.027777777777777776,0.2222222222222222,1,,,,,,,,,0,0,1,0.0,0.0
93,3,1,0.0,0.17777777777777778,1,,,,,,,,,0,0,1,0.0,0.0
93,4,1,0.0,0.14814814814814814,1,,,,,,,,,0,0,1,0.0,0.0
93,5,2,0.08333333333333333,0.25396825396825395,1,,,,,,,,,0,0,1,0.0,0.0
93,6,2,0.1111111111111111,0.2962962962962963,1,,,,,,,,,0,0,1,0.0,0.0
93,7,0,0.0,0.0,0,,,,,,,,,0,0,1,0.0,0.0
93,8,2,0.08333333333333333,0.25396825396825395,1,,,,,,,,,0,0,1,0.0,0.0
93,9,1,0.0,0.17777777777777778,1,,,,,,,,,0,0,1,0.0,0.0
94,0,0,0.0,0.0,0,,,,,,,,,0,0,1,0.0,0.0
94,1,1,0.0,0.14814814814814814,1,,,,,,,,,0,0,1,0.0,0.0
94,2,2,0.027777777777777776,0.2222222222222222,1,,,,,,,,,0,0,1,0.0,0.0
94,3,1,0.0,0.17777777777777778,1,,,,,,,,,0,0,1,0.0,0.0
94,4,1,0.0,0.14814814814814814,1,,,,,,,,,0,0,1,0.0,0.0
94,5,2,0.08333333333333333,0.25396825396825395,1,,,,,,,,,0,0,1,0.0,0.0
94,6,2,0.1111111111111111,0.2962962962962963,1,,,,,,,,,0,0,1,0.0,0.0
94,7,0,0.0,0.0,0,,,,,,,,,0,0,1,0.0,0.0
94,8,2,0.08333333333333333,0.25396825396825395,1,,,,,,,,,0,0,1,0.0,0.0
94,9,1,0.0,0.17777777777777778,1,,,,,,,,,0,0,1,0.0,0.0
95,0,0,0.0,0.0,0,,,,,,,,,0,0,1,0.0,0.0
95,1,1,0.0,0.14814814814814814,1,,,,,,,,,0,0,1,0.0,0.0
95,2,2,0.027777777777777776,0.2222222222222222,1,,,,,,,,,0,0,1,0.0,0.0
95,3,1,0.0,0.17777777777777778,1,,,,,,,,,0,0,1,0.0,0.0
95,4,1,0.0,0.14814814814814814,1,,,,,,,,,0,0,1,0.0,0.0
95,5,2,0.08333333333333333,0.25396825396825395,1,,,,,,,,,0,0,1,0.0,0.0
95,6,2,0.1111111111111111,0.2962962962962963,1,,,,,,,,,0,0,1,0.0,0.0
95,7,0,0.0,0.0,0,,,,,,,,,0,0,1,0.0,0.0
95,8,2,0.08333333333333333,0.25396825396825395,1,,,,,,,,,0,0,1,0.0,0.0
95,9,1,0.0,0.17777777777777778,1,,,,,,,,,0,0,1,0.0,0.0
96,0,0,0.0,0.0,0,,,,,,,,,0,0,1,0.0,0.0
96,1,1,0.0,0.14814814814814814,1,,,,,,,,,0,0,1,0.0,0.0
96,2,2,0.027777777777777776,0.2222222222222222,1,,,,,,,,,0,0,1,0.0,0.0
96,3,1,0.0,0.17777777777777778,1,,,,,,,,,0,0,1,0.0,0.0
96,4,1,0.0,0.14814814814814814,1,,,,,,,,,0,0,1,0.0,0.0
96,5,2,0.08333333333333333,0.25396825396825395,1,,,,,,,,,0,0,1,0.0,0.0
96,6,2,0.1111111111111111,0.2962962962962963,1,,,,,,,,,0,0,1,0.0,0.0
96,7,0,0.0,0.0,0,,,,,,,,,0,0,1,0.0,0.0
96,8,2,0.08333333333333333,0.25396825396825395,1,,,,,,,,,0,0,1,0.0,0.0
96,9,1,0.0,0.17777777777777778,1,,,,,,,,,0,0,1,0.0,0.0
97,0,0,0.0,0.0,0,,,,,,,,,0,0,1,0.0,0.0
97,1,1,0.0,0.14814814814814814,1,,,,,,,,,0,0,1,0.0,0.0
97,2,2,0.027777777777777776,0.2222222222222222,1,,,,,,,,,0,0,1,0.0,0.0
97,3,1,0.0,0.17777777777777778,1,,,,,,,,,0,0,1,0.0,0.0
97,4,1,0.0,0.14814814814814814,1,,,,,,,,,0,0,1,0.0,0.0
97,5,2,0.08333333333333333,0.25396825396825395,1,,,,,,,,,0,0,1,0.0,0.0
97,6,2,0.1111111111111111,0.2962962962962963,1,,,,,,,,,0,0,1,0.0,0.0
97,7,0,0.0,0.0,0,,,,,,,,,0,0,1,0.0,0.0
97,8,2,0.08333333333333333,0.25396825396825395,1,,,,,,,,,0,0,1,0.0,0.0
97,9,1,0.0,0.17777777777777778,1,,,,,,,,,0,0,1,0.0,0.0
98,0,0,0.0,0.0,0,,,,,,,,,0,0,1,0.0,0.0
98,1,1,0.0,0.14814814814814814,1,,,,,,,,,0,0,1,0.0,0.0
98,2,2,0.027777777777777776,0.2222222222222222,1,,,,,,,,,0,0,1,0.0,0.0
98,3,1,0.0,0.17777777777777778,1,,,,,,,,,0,0,1,0.0,0.0
98,4,1,0.0,0.14814814814814814,1,,,,,,,,,0,0,1,0.0,0.0
98,5,2,0.08333333333333333,0.25396825396825395,1,,,,,,,,,0,0,1,0.0,0.0
98,6,2,0.1111111111111111,0.2962962962962963,1,,,,,,,,,0,0,1,0.0,0.0
98,7,0,0.0,0.0,0,,,,,,,,,0,0,1,0.0,0.0
98,8,2,0.08333333333333333,0.25396825396825395,1,,,,,,,,,0,0,1,0.0,0.0
98,9,1,0.0,0.17777777777777778,1,,,,,,,,,0,0,1,0.0,0.0
99,0,0,0.0,0.0,0,,,,,,,,,0,0,1,0.0,0.0
99,1,1,0.0,0.14814814814814814,1,,,,,,,,,0,0,1,0.0,0.0
99,2,2,0.027777777777777776,0.2222222222222222,1,,,,,,,,,0,0,1,0.0,0.0
99,3,1,0.0,0.17777777777777778,1,,,,,,,,,0,0,1,0.0,0.0
99,4,1,0.0,0.14814814814814814,1,,,,,,,,,0,0,1,0.0,0.0
99,5,2,0.08333333333333333,0.25396825396825395,1,,,,,,,,,0,0,1,0.0,0.0
99,6,2,0.1111111111111111,0.2962962962962963,1,,,,,,,,,0,0,1,0.0,0.0
99,7,0,0.0,0.0,0,,,,,,,,,0,0,1,0.0,0.0
99,8,2,0.08333333333333333,0.25396825396825395,1,,,,,,,,,0,0,1,0.0,0.0
99,9,1,0.0,0.17777777777777778,1,,,,,,,,,0,0,1,0.0,0.0
100,0,0,0.0,0.0,0,,0.2619,,,,,,,0,0,1,0.0,0.0
100,1,1,0.0,0.14814814814814814,1,,0.3492,1.0,1.0,2,1.0,1.0,2,0,0,1,0.0,0.0
100,2,2,0.027777777777777776,0.2222222222222222,1,,0.3601,0.999925,0.999925,1,0.5,0.5,1,0,0,1,0.0,0.0
100,3,1,0.0,0.17777777777777778,1,,0.3947,0.9811624999999999,0.9811624999999999,8,1.0,1.0,8,0,0,1,0.0,0.0
100,4,1,0.0,0.14814814814814814,1,,0.3503,0.999925,0.999925,2,1.0,1.0,2,0,0,1,0.0,0.0
100,5,2,0.08333333333333333,0.25396825396825395,1,,0.4046,1.0,1.0,6,0.5,0.5,6,0,0,1,0.0,0.0
100,6,2,0.1111111111111111,0.2962962962962963,1,,0.4067,1.0,1.0,5,0.5,0.5,5,0,0,1,0.0,0.0
100,7,0,0.0,0.0,0,,0.263,,,,,,,0,0,1,0.0,0.0
100,8,2,0.08333333333333333,0.25396825396825395,1,,0.4085,1.0,1.0,3,0.5,0.5,3,0,0,1,0.0,0.0
100,9,1,0.0,0.17777777777777778,1,,0.3938,0.996875,0.996875,5,1.0,1.0,5,0,0,1,0.0,0.0
